date;open;high;low;close;volume
1996-10-09;23.37;23.62;22.87;23.0;760800.0
1996-10-10;23.87;24.5;23.75;24.19;2470500.0
1996-10-11;24.37;24.62;24.0;24.25;1077600.0
1996-10-14;24.5;25.37;24.25;25.25;2407900.0
1996-10-15;25.75;25.87;25.0;25.25;3241600.0
1996-10-16;25.25;26.12;24.62;25.75;2988800.0
1996-10-17;27.5;27.75;26.37;26.37;9166300.0
1996-10-18;26.5;26.62;26.0;26.56;3416600.0
1996-10-21;26.5;26.62;25.5;25.62;1675100.0
1996-10-22;25.62;25.62;24.25;24.87;1908200.0
1996-10-23;24.75;25.25;24.37;24.75;1429100.0
1996-10-24;25.0;25.0;24.5;24.75;753300.0
1996-10-25;24.87;25.0;24.5;24.5;692500.0
1996-10-28;25.12;25.12;24.5;24.5;1071400.0
1996-10-29;24.62;24.75;23.12;23.25;1782400.0
1996-10-30;23.5;24.0;22.87;22.87;2295100.0
1996-10-31;23.25;23.37;22.25;23.0;1734100.0
1996-11-01;23.37;24.25;23.12;24.25;1886900.0
1996-11-04;24.37;24.5;23.75;24.37;814900.0
1996-11-05;24.5;25.87;24.5;25.5;3376000.0
1996-11-06;25.62;25.75;24.87;25.5;1609900.0
1996-11-07;25.37;26.0;25.25;25.87;1384600.0
1996-11-08;25.87;26.25;25.75;26.25;1684900.0
1996-11-11;26.37;26.37;25.87;26.0;826200.0
1996-11-12;26.12;26.25;25.12;25.25;1276400.0
1996-11-13;25.37;25.87;25.0;25.56;746500.0
1996-11-14;25.5;25.75;25.37;25.62;433300.0
1996-11-15;25.87;26.0;25.0;25.0;1167100.0
1996-11-18;25.0;25.12;24.5;24.75;1364600.0
1996-11-19;24.87;25.12;24.62;24.87;1111000.0
1996-11-20;24.87;25.37;24.87;25.0;920500.0
1996-11-21;24.87;25.0;24.37;24.5;630400.0
1996-11-22;24.5;25.25;24.5;25.25;928400.0
1996-11-25;25.37;25.5;25.0;25.0;704900.0
1996-11-26;24.87;25.0;24.0;24.25;1008800.0
1996-11-27;24.12;24.62;24.12;24.5;795000.0
1996-11-29;24.5;24.62;24.0;24.12;377600.0
1996-12-02;24.12;25.12;23.87;25.12;1562300.0
1996-12-03;25.25;25.5;25.0;25.12;2460100.0
1996-12-04;25.12;25.37;24.87;25.0;1703800.0
1996-12-05;25.0;25.25;25.0;25.0;1269100.0
1996-12-06;24.37;25.37;24.0;25.12;2048100.0
1996-12-09;25.25;25.37;24.81;25.0;1416500.0
1996-12-10;24.87;25.0;24.25;24.5;1645400.0
1996-12-11;23.75;24.25;23.75;24.0;1458600.0
1996-12-12;24.12;24.25;23.87;23.87;776800.0
1996-12-13;23.75;23.87;23.25;23.25;795500.0
1996-12-16;23.5;23.5;22.5;22.62;1332500.0
1996-12-17;22.37;22.5;22.25;22.5;1404000.0
1996-12-18;22.75;23.12;22.62;23.12;1831000.0
1996-12-19;23.0;23.25;22.25;22.25;1222200.0
1996-12-20;22.5;23.62;21.37;23.5;4878900.0
1996-12-23;24.0;24.25;23.25;23.25;2967000.0
1996-12-24;23.25;23.37;22.87;23.12;514400.0
1996-12-26;23.25;23.25;22.87;23.0;757900.0
1996-12-27;22.87;23.75;22.87;23.12;1223200.0
1996-12-30;23.12;23.25;21.75;21.75;2337500.0
1996-12-31;21.37;21.5;20.75;20.87;3426300.0
1997-01-02;21.12;21.25;20.75;21.0;1277800.0
1997-01-03;21.12;22.25;21.0;21.75;1068900.0
1997-01-06;17.62;18.34;17.25;17.87;1.6811E7
1997-01-07;18.12;18.25;17.5;17.5;8722600.0
1997-01-08;18.25;18.37;17.37;17.62;9822600.0
1997-01-09;17.75;17.87;17.5;17.75;3988000.0
1997-01-10;17.62;18.25;17.62;18.25;3158200.0
1997-01-13;18.5;18.5;18.12;18.12;2729900.0
1997-01-14;18.37;18.37;17.75;17.87;2283700.0
1997-01-15;18.0;18.0;17.12;17.25;3866900.0
1997-01-16;17.12;17.12;16.62;16.75;5993800.0
1997-01-17;16.75;17.12;16.62;16.75;2903100.0
1997-01-20;16.87;17.12;16.75;16.94;2603800.0
1997-01-21;17.0;17.25;16.87;17.25;2543100.0
1997-01-22;17.37;17.5;17.0;17.19;1835900.0
1997-01-23;17.25;17.37;17.12;17.25;1538800.0
1997-01-24;17.25;17.25;16.87;16.87;1681100.0
1997-01-27;17.12;17.25;16.62;16.62;1911100.0
1997-01-28;17.0;17.0;16.5;16.62;1880000.0
1997-01-29;16.62;16.75;16.5;16.62;1354500.0
1997-01-30;16.75;16.75;16.5;16.75;1249400.0
1997-01-31;16.62;16.62;16.5;16.62;1782400.0
1997-02-03;16.87;17.0;16.25;16.31;3286700.0
1997-02-04;16.25;16.37;15.13;15.38;6362900.0
1997-02-05;15.25;15.63;15.25;15.25;3522200.0
1997-02-06;15.25;16.12;15.25;16.0;3567000.0
1997-02-07;16.5;16.5;15.75;15.81;2100600.0
1997-02-10;16.12;16.12;15.63;15.63;1655400.0
1997-02-11;15.88;16.0;15.5;15.69;1250700.0
1997-02-12;15.75;15.88;15.5;15.75;1573800.0
1997-02-13;15.75;16.12;15.5;16.12;1748500.0
1997-02-14;16.25;16.37;16.0;16.31;2118300.0
1997-02-18;16.62;17.87;16.25;17.87;3288200.0
1997-02-19;17.87;17.87;17.12;17.62;2154400.0
1997-02-20;17.62;17.62;17.0;17.0;1115600.0
1997-02-21;16.87;17.0;16.0;16.37;1884700.0
1997-02-24;16.25;16.87;16.25;16.62;1049900.0
1997-02-25;17.0;17.37;16.87;16.87;1232900.0
1997-02-26;17.0;17.12;16.75;17.12;921200.0
1997-02-27;17.0;17.12;16.75;17.0;919600.0
1997-02-28;16.87;16.87;16.25;16.25;1088200.0
1997-03-03;16.5;16.5;16.0;16.12;1164800.0
1997-03-04;16.25;16.5;16.0;16.5;921400.0
1997-03-05;16.62;17.0;16.5;17.0;858600.0
1997-03-06;17.0;17.0;16.5;16.62;1038300.0
1997-03-07;16.75;16.75;16.37;16.5;630500.0
1997-03-10;16.62;16.75;16.44;16.62;885600.0
1997-03-11;16.62;16.62;16.0;16.37;879500.0
1997-03-12;16.25;16.75;16.12;16.25;633900.0
1997-03-13;16.37;16.37;16.12;16.37;938300.0
1997-03-14;16.37;16.75;16.25;16.56;2057300.0
1997-03-17;16.25;16.5;16.0;16.5;1721000.0
1997-03-18;16.37;16.5;16.12;16.25;1134600.0
1997-03-19;16.37;16.37;15.88;16.12;1859200.0
1997-03-20;16.0;17.5;15.88;17.25;2830700.0
1997-03-21;17.5;17.5;16.37;16.62;1218400.0
1997-03-24;16.5;16.62;16.25;16.5;635900.0
1997-03-25;16.62;16.62;16.08;16.5;1005000.0
1997-03-26;16.37;16.87;16.25;16.75;953900.0
1997-03-27;17.5;19.25;17.25;18.62;1.01688E7
1997-03-31;18.62;19.37;17.25;18.25;8662900.0
1997-04-01;17.62;17.81;17.37;17.5;1966600.0
1997-04-02;17.87;18.06;17.62;18.0;1986000.0
1997-04-03;18.5;19.12;18.25;18.87;4900500.0
1997-04-04;19.12;19.62;19.0;19.25;4243300.0
1997-04-07;19.75;19.87;19.25;19.5;2279100.0
1997-04-08;19.62;19.62;18.62;19.12;1730600.0
1997-04-09;19.25;19.25;18.87;19.0;2187400.0
1997-04-10;19.0;19.12;18.5;18.87;1044500.0
1997-04-11;18.87;18.87;18.12;18.25;710400.0
1997-04-14;18.37;18.87;18.0;18.75;1003200.0
1997-04-15;19.12;19.25;18.12;18.44;1214700.0
1997-04-16;18.62;19.0;18.37;18.56;769800.0
1997-04-17;18.25;19.12;18.12;19.0;1959500.0
1997-04-18;19.12;19.12;18.37;18.37;1262900.0
1997-04-21;18.62;18.62;18.0;18.0;796000.0
1997-04-22;18.12;18.5;17.87;18.5;845100.0
1997-04-23;18.37;18.5;18.12;18.12;486500.0
1997-04-24;18.5;18.5;17.75;17.87;669100.0
1997-04-25;17.62;17.87;17.37;17.5;780200.0
1997-04-28;17.75;17.87;17.5;17.62;417600.0
1997-04-29;18.0;18.0;17.5;17.69;462100.0
1997-04-30;17.0;17.25;16.75;17.0;2300300.0
1997-05-01;16.87;17.12;16.75;17.0;645900.0
1997-05-02;17.0;17.12;16.75;17.0;910600.0
1997-05-05;17.0;17.12;16.75;17.0;879400.0
1997-05-06;17.0;17.12;16.75;16.87;742400.0
1997-05-07;16.87;17.0;16.37;16.5;1019800.0
1997-05-08;16.62;17.12;16.5;17.0;740500.0
1997-05-09;17.0;17.5;17.0;17.06;1681900.0
1997-05-12;17.25;17.62;17.0;17.56;1473000.0
1997-05-13;17.5;17.87;17.0;17.56;1759100.0
1997-05-14;17.87;18.0;17.5;17.69;1211100.0
1997-05-15;17.75;18.0;17.5;17.75;884000.0
1997-05-16;17.5;17.62;17.25;17.25;833000.0
1997-05-19;17.5;17.62;17.0;17.0;466600.0
1997-05-20;17.0;17.44;16.75;17.25;757400.0
1997-05-21;17.12;17.12;16.5;16.87;1091500.0
1997-05-22;16.75;16.87;16.5;16.62;685400.0
1997-05-23;16.62;17.0;16.62;16.87;598500.0
1997-05-27;16.75;17.37;16.75;17.25;732900.0
1997-05-28;17.37;17.5;17.0;17.0;781600.0
1997-05-29;17.12;17.12;16.62;16.62;992700.0
1997-05-30;16.5;17.0;16.37;16.62;1583300.0
1997-06-02;17.0;17.0;16.75;16.94;371300.0
1997-06-03;16.75;16.94;16.62;16.69;582500.0
1997-06-04;16.62;16.75;16.5;16.62;717900.0
1997-06-05;16.62;17.12;16.56;16.69;576900.0
1997-06-06;16.62;16.75;16.5;16.75;472100.0
1997-06-09;16.69;16.94;16.62;16.62;667900.0
1997-06-10;16.75;16.75;16.06;16.25;1241500.0
1997-06-11;16.31;16.44;16.25;16.31;941100.0
1997-06-12;16.37;16.37;16.0;16.06;702600.0
1997-06-13;16.06;16.12;15.75;15.81;1179200.0
1997-06-16;15.88;15.88;15.38;15.5;1196500.0
1997-06-17;15.56;16.5;15.5;16.34;1270100.0
1997-06-18;16.12;16.25;15.75;15.94;979000.0
1997-06-19;16.0;16.0;15.69;15.75;1080600.0
1997-06-20;15.69;15.75;15.5;15.56;983800.0
1997-06-23;15.5;15.63;15.38;15.38;888800.0
1997-06-24;15.44;15.56;15.25;15.31;992400.0
1997-06-25;15.31;15.38;15.0;15.13;1773500.0
1997-06-26;15.13;15.13;14.63;14.69;3410600.0
1997-06-27;14.69;14.81;14.63;14.69;1410300.0
1997-06-30;14.75;14.75;14.0;14.25;1528400.0
1997-07-01;13.94;14.0;13.13;13.19;4023900.0
1997-07-02;13.25;13.38;13.0;13.06;2231800.0
1997-07-03;13.13;13.88;13.0;13.69;1667700.0
1997-07-07;13.94;14.25;13.75;13.81;1709600.0
1997-07-08;13.88;14.0;13.69;13.75;854400.0
1997-07-09;13.81;13.88;13.63;13.69;1268000.0
1997-07-10;12.88;13.38;12.75;13.25;4397400.0
1997-07-11;13.38;15.5;13.31;15.19;6562000.0
1997-07-14;15.25;15.63;14.88;15.63;3669700.0
1997-07-15;15.75;16.0;15.63;15.94;3735300.0
1997-07-16;15.81;16.5;15.63;16.44;3984400.0
1997-07-17;17.0;18.12;16.44;17.5;6663100.0
1997-07-18;17.87;17.94;17.06;17.34;2835400.0
1997-07-21;17.56;17.69;16.0;16.16;3168900.0
1997-07-22;16.37;16.69;16.31;16.56;2065500.0
1997-07-23;16.75;16.87;16.0;16.12;1261500.0
1997-07-24;16.12;16.12;15.63;15.81;1191900.0
1997-07-25;15.88;16.56;15.75;16.25;1946100.0
1997-07-28;16.44;16.5;16.25;16.44;986700.0
1997-07-29;16.44;16.62;16.37;16.5;636100.0
1997-07-30;16.94;17.69;16.75;17.37;3342000.0
1997-07-31;17.37;17.75;17.25;17.5;2355500.0
1997-08-01;17.62;19.19;17.56;19.19;4302800.0
1997-08-04;19.19;19.81;19.19;19.75;5458200.0
1997-08-05;19.94;20.0;19.48;19.75;2206500.0
1997-08-06;25.25;27.75;25.0;26.31;3.7415E7
1997-08-07;28.75;29.56;28.37;29.19;3.35307E7
1997-08-08;27.81;28.37;26.12;26.81;1.61979E7
1997-08-11;26.31;26.44;23.5;24.56;1.38482E7
1997-08-12;24.06;24.25;21.87;22.06;9360700.0
1997-08-13;22.25;23.87;20.44;23.62;1.0727E7
1997-08-14;23.62;24.25;22.69;23.0;3879000.0
1997-08-15;23.12;23.44;22.81;23.25;2330000.0
1997-08-18;23.31;23.75;22.75;23.62;1945000.0
1997-08-19;23.69;24.5;23.31;24.44;2581800.0
1997-08-20;24.44;25.12;24.19;24.62;2895600.0
1997-08-21;24.5;24.69;23.87;24.0;2315000.0
1997-08-22;23.44;24.0;23.37;23.62;2032400.0
1997-08-25;23.62;23.69;22.94;23.06;1237800.0
1997-08-26;22.62;23.0;22.12;22.25;2019700.0
1997-08-27;22.37;22.75;21.87;22.69;1702100.0
1997-08-28;22.12;22.5;22.0;22.0;854200.0
1997-08-29;21.81;22.0;21.5;21.75;979200.0
1997-09-02;22.0;22.56;21.94;22.37;1661100.0
1997-09-03;22.37;23.25;22.31;22.5;2536900.0
1997-09-04;22.56;22.87;22.25;22.5;1094100.0
1997-09-05;22.62;22.87;22.0;22.19;1220600.0
1997-09-08;22.25;22.25;21.44;21.5;1563900.0
1997-09-09;21.31;21.87;21.25;21.81;1419900.0
1997-09-10;21.75;23.12;21.69;22.94;2447000.0
1997-09-11;22.87;23.0;22.06;22.37;1873900.0
1997-09-12;22.19;22.25;21.44;22.06;1015000.0
1997-09-15;21.87;22.12;21.5;21.5;865300.0
1997-09-16;22.06;22.14;21.75;21.94;1198400.0
1997-09-17;22.0;22.0;21.69;21.81;774700.0
1997-09-18;21.5;22.5;21.5;22.31;1510400.0
1997-09-19;22.19;22.19;21.75;21.94;847600.0
1997-09-22;22.12;23.06;22.0;22.81;1789000.0
1997-09-23;22.25;22.25;21.69;21.75;1790500.0
1997-09-24;21.69;21.75;21.37;21.5;1986000.0
1997-09-25;21.31;21.75;21.0;21.12;1994500.0
1997-09-26;21.5;21.94;21.12;21.31;1860000.0
1997-09-29;21.69;22.25;21.56;22.06;1493200.0
1997-09-30;22.0;22.31;21.69;21.69;1255100.0
1997-10-01;21.69;21.75;21.37;21.53;1164900.0
1997-10-02;21.44;22.0;21.37;21.94;1209000.0
1997-10-03;22.0;22.25;21.69;22.12;1448500.0
1997-10-06;22.19;22.25;21.69;21.94;833000.0
1997-10-07;21.87;22.0;21.81;21.81;975800.0
1997-10-08;21.75;21.81;21.31;21.5;971800.0
1997-10-09;21.25;22.5;21.19;21.75;1672600.0
1997-10-10;21.5;22.75;21.5;22.69;2414300.0
1997-10-13;22.75;22.87;22.19;22.69;1416300.0
1997-10-14;22.69;22.75;22.19;22.69;1480500.0
1997-10-15;22.12;24.75;22.12;23.81;7239900.0
1997-10-16;21.12;22.06;20.87;21.5;6599900.0
1997-10-17;21.12;21.12;19.87;20.12;3916700.0
1997-10-20;20.12;20.19;18.62;18.69;3677100.0
1997-10-21;18.87;19.31;18.69;19.06;4243500.0
1997-10-22;19.06;19.25;18.5;18.56;1349800.0
1997-10-23;18.0;18.19;17.75;17.75;1667700.0
1997-10-24;18.12;18.37;16.5;16.56;3466400.0
1997-10-27;16.75;18.12;16.75;16.75;2940700.0
1997-10-28;16.0;18.5;15.88;18.12;3065300.0
1997-10-29;18.44;18.5;17.25;17.5;1585600.0
1997-10-30;17.06;17.56;16.5;16.5;1687100.0
1997-10-31;17.37;17.37;16.62;17.03;2384700.0
1997-11-03;17.56;17.75;17.06;17.37;1125100.0
1997-11-04;17.75;18.12;17.5;17.94;1505300.0
1997-11-05;18.25;18.62;18.06;18.37;3456400.0
1997-11-06;18.87;19.5;18.87;19.0;5509700.0
1997-11-07;18.87;20.0;18.75;19.75;7103700.0
1997-11-10;21.0;21.5;18.5;18.69;1.24843E7
1997-11-11;19.0;19.0;18.12;18.37;2968600.0
1997-11-12;18.06;18.5;17.56;17.62;1857700.0
1997-11-13;18.0;18.06;17.5;18.0;2299300.0
1997-11-14;18.25;18.5;18.0;18.44;1205700.0
1997-11-17;18.87;18.94;18.33;18.5;1830600.0
1997-11-18;18.5;18.5;18.06;18.06;1309300.0
1997-11-19;17.87;18.31;17.87;18.25;710600.0
1997-11-20;18.19;18.62;18.12;18.5;1144400.0
1997-11-21;18.62;18.69;18.0;18.19;873000.0
1997-11-24;17.56;18.0;17.5;17.62;1404900.0
1997-11-25;17.69;17.87;16.87;17.37;1834200.0
1997-11-26;17.37;17.69;17.25;17.5;539400.0
1997-11-28;17.62;17.87;17.44;17.75;368900.0
1997-12-01;17.69;17.94;17.25;17.75;778900.0
1997-12-02;17.37;17.5;15.88;15.88;3543000.0
1997-12-03;16.06;16.12;15.69;15.75;3063000.0
1997-12-04;16.0;16.0;15.63;15.63;1782500.0
1997-12-05;15.56;16.0;15.56;15.81;1977400.0
1997-12-08;15.56;15.75;15.38;15.56;1192700.0
1997-12-09;15.5;15.69;15.0;15.25;2170100.0
1997-12-10;15.06;15.06;14.5;14.75;1740000.0
1997-12-11;14.44;14.56;13.88;14.56;2294100.0
1997-12-12;14.75;14.88;14.0;14.13;1433600.0
1997-12-15;14.13;14.25;13.75;13.94;1481200.0
1997-12-16;14.0;14.38;14.0;14.31;1657400.0
1997-12-17;14.31;14.56;13.94;13.94;2368700.0
1997-12-18;14.0;14.0;13.75;13.81;1804000.0
1997-12-19;13.56;13.88;13.25;13.69;1701900.0
1997-12-22;13.88;14.0;13.19;13.31;1423900.0
1997-12-23;13.13;13.31;12.94;12.94;4096700.0
1997-12-24;13.0;13.25;13.0;13.13;873500.0
1997-12-26;13.06;13.38;13.0;13.31;963200.0
1997-12-29;13.31;13.44;12.88;13.13;2483900.0
1997-12-30;13.0;13.44;12.75;13.19;3058100.0
1997-12-31;13.13;13.63;12.94;13.13;3628200.0
1998-01-02;13.63;16.25;13.5;16.25;6411700.0
1998-01-05;16.5;16.56;15.19;15.88;5820300.0
1998-01-06;15.94;20.0;14.75;18.94;1.61828E7
1998-01-07;18.81;19.0;17.31;17.5;9300200.0
1998-01-08;17.44;18.62;16.94;18.19;6910900.0
1998-01-09;18.12;19.37;17.5;18.19;7915600.0
1998-01-12;17.44;18.62;17.12;18.25;4610700.0
1998-01-13;18.62;19.62;18.5;19.5;5686200.0
1998-01-14;19.87;19.94;19.25;19.75;5261300.0
1998-01-15;19.19;19.75;18.62;19.19;4993500.0
1998-01-16;19.44;19.44;18.69;18.81;2199600.0
1998-01-20;19.06;19.31;18.62;19.06;2156800.0
1998-01-21;18.75;19.06;18.56;18.91;1698300.0
1998-01-22;18.69;19.75;18.62;19.25;2944000.0
1998-01-23;19.37;19.69;19.25;19.5;2081800.0
1998-01-26;19.44;19.56;18.81;19.44;1307500.0
1998-01-27;19.19;19.69;19.0;19.12;1002100.0
1998-01-28;19.19;19.37;18.62;19.19;1349300.0
1998-01-29;18.94;19.12;18.5;18.5;1891800.0
1998-01-30;18.31;18.87;18.25;18.31;1450400.0
1998-02-02;18.5;18.5;17.37;17.69;5685200.0
1998-02-03;17.69;18.62;17.69;18.31;3594800.0
1998-02-04;18.06;18.5;18.0;18.25;1519600.0
1998-02-05;18.25;18.5;18.0;18.31;2127400.0
1998-02-06;18.37;18.69;18.25;18.5;1806600.0
1998-02-09;18.37;19.5;18.37;19.19;4416700.0
1998-02-10;19.12;19.56;19.06;19.44;3768000.0
1998-02-11;19.5;19.5;18.87;19.0;1889900.0
1998-02-12;19.12;19.44;19.06;19.37;1819200.0
1998-02-13;19.19;19.87;19.0;19.5;1857100.0
1998-02-17;19.5;19.75;19.5;19.62;1631700.0
1998-02-18;19.56;20.75;19.56;20.56;4416000.0
1998-02-19;20.87;20.94;20.0;20.44;3568400.0
1998-02-20;20.5;20.56;19.81;20.0;2905500.0
1998-02-23;20.12;21.62;20.0;21.25;4263300.0
1998-02-24;21.31;21.37;20.75;21.31;4076700.0
1998-02-25;21.31;22.75;20.94;22.31;6363100.0
1998-02-26;22.31;23.56;21.87;23.5;5313700.0
1998-02-27;23.31;23.87;22.56;23.62;4639300.0
1998-03-02;23.56;23.56;22.25;22.75;3575400.0
1998-03-03;21.87;23.19;21.62;23.12;2982800.0
1998-03-04;22.87;24.75;22.87;24.44;7302000.0
1998-03-05;23.25;24.25;23.12;24.06;6027900.0
1998-03-06;23.87;24.5;23.37;24.44;5950600.0
1998-03-09;23.75;24.31;22.5;22.75;5133300.0
1998-03-10;23.0;24.5;22.94;24.06;6365200.0
1998-03-11;25.12;26.19;24.56;26.12;1.08423E7
1998-03-12;26.12;27.0;25.56;27.0;6646100.0
1998-03-13;27.25;27.25;26.25;27.12;5055000.0
1998-03-16;27.12;27.25;26.19;26.69;3592500.0
1998-03-17;26.5;26.69;25.87;26.34;3663000.0
1998-03-18;26.0;26.94;26.0;26.94;2473200.0
1998-03-19;26.87;26.94;26.56;26.75;1429100.0
1998-03-20;26.69;26.87;26.0;26.37;1923900.0
1998-03-23;25.94;26.25;24.62;26.12;3703000.0
1998-03-24;26.37;28.0;26.25;28.0;6035100.0
1998-03-25;27.62;27.75;26.37;27.16;3458700.0
1998-03-26;26.75;27.0;26.44;26.56;1812200.0
1998-03-27;26.62;27.31;26.37;26.94;2282100.0
1998-03-30;26.75;27.5;26.75;27.44;2238400.0
1998-03-31;27.44;27.81;27.25;27.5;2383000.0
1998-04-01;27.44;27.81;27.06;27.5;1668600.0
1998-04-02;27.31;27.44;26.94;27.31;1734900.0
1998-04-03;27.12;27.25;26.81;27.06;1813100.0
1998-04-06;27.0;27.0;26.19;26.25;3103500.0
1998-04-07;25.81;26.0;24.87;25.5;2613400.0
1998-04-08;25.25;25.37;24.69;25.0;2010700.0
1998-04-09;25.06;25.87;25.0;25.62;1520600.0
1998-04-13;25.62;26.69;25.0;26.44;2574100.0
1998-04-14;26.37;27.25;26.37;26.94;2927200.0
1998-04-15;27.19;27.5;26.62;27.44;4977800.0
1998-04-16;29.25;29.62;28.19;28.62;1.64103E7
1998-04-17;28.56;28.62;27.69;27.94;5287200.0
1998-04-20;27.62;29.5;27.56;29.0;4623000.0
1998-04-21;29.06;29.12;28.5;29.0;3107400.0
1998-04-22;28.75;29.0;27.5;27.5;2544200.0
1998-04-23;27.44;29.0;27.19;27.69;4243700.0
1998-04-24;27.75;28.25;27.5;27.94;1924500.0
1998-04-27;26.75;27.75;26.75;27.75;3658900.0
1998-04-28;27.87;28.0;26.25;26.94;2117600.0
1998-04-29;26.94;27.44;26.75;27.0;1692300.0
1998-04-30;27.37;27.62;27.06;27.37;1606700.0
1998-05-01;27.5;28.25;26.87;28.0;1643500.0
1998-05-04;28.87;29.5;28.87;29.06;5099500.0
1998-05-05;29.25;29.87;29.12;29.69;3743600.0
1998-05-06;29.87;30.44;29.25;30.31;8009000.0
1998-05-07;30.56;30.62;29.87;30.19;4936600.0
1998-05-08;30.06;30.5;29.94;30.44;2418000.0
1998-05-11;30.87;31.62;30.75;30.94;5937700.0
1998-05-12;30.56;30.75;29.94;30.12;2301900.0
1998-05-13;30.06;30.81;29.62;30.44;2807300.0
1998-05-14;30.37;30.44;29.75;30.06;1452500.0
1998-05-15;30.06;30.37;29.25;29.56;2433800.0
1998-05-18;29.37;29.56;28.37;28.5;2074900.0
1998-05-19;28.94;29.44;28.81;29.37;1948800.0
1998-05-20;29.62;29.87;28.75;29.56;1698000.0
1998-05-21;29.56;29.69;28.62;28.87;1169600.0
1998-05-22;28.75;28.75;27.31;27.87;2380300.0
1998-05-26;28.06;28.25;26.62;26.69;2783700.0
1998-05-27;25.69;26.81;25.62;26.75;3305300.0
1998-05-28;26.75;27.87;26.75;27.44;2665100.0
1998-05-29;27.5;27.56;26.44;26.62;1935000.0
1998-06-01;26.5;27.62;25.62;26.25;2854400.0
1998-06-02;26.44;27.31;26.0;26.87;1600900.0
1998-06-03;27.12;27.25;26.19;26.31;1295900.0
1998-06-04;26.62;26.87;25.81;26.81;1394100.0
1998-06-05;26.87;27.25;26.37;26.87;1101100.0
1998-06-08;27.0;27.69;26.81;27.25;1130600.0
1998-06-09;27.37;28.5;27.37;28.25;2462000.0
1998-06-10;28.0;29.0;27.62;28.06;2046700.0
1998-06-11;28.19;28.62;27.81;27.81;1608200.0
1998-06-12;27.62;28.25;27.37;28.12;1998700.0
1998-06-15;27.25;28.25;27.25;27.5;1220200.0
1998-06-16;27.69;28.12;27.31;28.0;1157900.0
1998-06-17;28.0;28.56;27.94;28.12;1671200.0
1998-06-18;27.75;28.06;27.19;27.31;1071400.0
1998-06-19;27.37;27.44;26.75;27.06;1228200.0
1998-06-22;27.0;27.56;26.75;27.37;1201500.0
1998-06-23;27.44;28.12;27.25;27.81;2063000.0
1998-06-24;27.75;28.62;27.31;28.25;2444600.0
1998-06-25;28.56;28.81;28.31;28.56;1712600.0
1998-06-26;28.5;28.62;27.75;28.19;992100.0
1998-06-29;28.25;28.81;28.06;28.69;1483800.0
1998-06-30;28.62;28.81;28.12;28.69;1170200.0
1998-07-01;28.87;30.0;28.5;29.94;2804600.0
1998-07-02;29.69;30.06;29.0;29.0;2661700.0
1998-07-06;29.5;30.37;29.12;30.37;2419200.0
1998-07-07;30.37;30.87;30.0;30.5;2156000.0
1998-07-08;30.75;32.94;30.69;32.56;8328700.0
1998-07-09;32.94;33.63;31.44;31.69;5059000.0
1998-07-10;32.19;32.63;31.75;32.06;2701100.0
1998-07-13;31.94;34.13;31.87;33.94;6387400.0
1998-07-14;33.94;34.0;33.13;33.44;4897600.0
1998-07-15;33.69;34.69;33.5;34.44;5312200.0
1998-07-16;37.88;38.13;35.75;37.5;2.28692E7
1998-07-17;37.25;37.25;36.19;36.88;5621000.0
1998-07-20;36.56;36.63;35.5;36.25;3427600.0
1998-07-21;36.13;37.0;35.56;35.63;2942000.0
1998-07-22;34.94;35.63;34.25;35.0;2506500.0
1998-07-23;34.81;35.63;34.75;34.94;2260100.0
1998-07-24;35.38;35.5;33.81;34.69;2422200.0
1998-07-27;34.25;34.88;33.25;34.44;1912800.0
1998-07-28;34.06;34.63;33.0;33.63;2012300.0
1998-07-29;33.75;35.88;33.69;35.13;3997500.0
1998-07-30;35.81;36.75;35.5;36.5;3234800.0
1998-07-31;36.63;36.75;34.5;34.63;1634900.0
1998-08-03;34.25;35.56;33.25;35.13;2694300.0
1998-08-04;35.5;36.0;34.0;34.19;2624300.0
1998-08-05;33.75;36.0;33.5;36.0;4054300.0
1998-08-06;35.06;36.88;34.88;36.88;3916200.0
1998-08-07;37.19;37.38;36.0;36.5;2660900.0
1998-08-10;36.31;38.06;36.25;37.94;4362500.0
1998-08-11;37.75;41.0;37.38;39.0;1.57096E7
1998-08-12;39.75;40.94;39.48;40.06;6158700.0
1998-08-13;39.94;40.75;39.38;39.44;3489100.0
1998-08-14;40.69;40.75;39.5;40.5;4024800.0
1998-08-17;41.0;42.81;39.88;41.94;8311400.0
1998-08-18;42.44;43.38;42.25;42.56;5410300.0
1998-08-19;43.5;43.75;41.0;41.0;4339200.0
1998-08-20;41.0;41.13;40.25;40.63;3499300.0
1998-08-21;40.0;43.56;39.0;43.0;7262300.0
1998-08-24;43.44;43.5;40.13;41.19;5448000.0
1998-08-25;42.38;42.38;40.31;40.81;4424700.0
1998-08-26;39.88;41.13;39.5;40.38;3629300.0
1998-08-27;39.25;39.25;35.63;37.5;9948600.0
1998-08-28;37.13;38.5;34.13;34.19;8323700.0
1998-08-31;34.75;34.88;31.0;31.19;7752000.0
1998-09-01;31.37;35.38;30.62;34.13;7759600.0
1998-09-02;35.5;37.38;35.25;35.56;7526800.0
1998-09-03;35.0;35.13;34.0;34.63;3658500.0
1998-09-04;35.5;36.44;33.75;35.13;3368500.0
1998-09-08;38.0;38.25;36.75;38.25;3596400.0
1998-09-09;38.06;38.13;37.0;37.38;3166900.0
1998-09-10;36.25;38.25;35.75;38.13;4704300.0
1998-09-11;38.5;39.63;36.88;37.63;3145400.0
1998-09-14;38.25;38.81;37.13;37.19;2206000.0
1998-09-15;36.75;38.56;36.5;38.19;3871900.0
1998-09-16;38.63;38.75;37.0;37.31;2311400.0
1998-09-17;36.06;37.13;35.88;36.0;2404400.0
1998-09-18;36.06;36.75;35.56;36.75;2723900.0
1998-09-21;35.69;36.94;35.31;36.94;2641700.0
1998-09-22;37.13;37.63;36.38;37.0;2303000.0
1998-09-23;37.25;38.38;36.56;38.31;2570700.0
1998-09-24;37.88;39.56;37.75;38.5;4311100.0
1998-09-25;38.19;39.19;37.63;38.75;2038300.0
1998-09-28;39.75;40.19;38.0;39.06;3619800.0
1998-09-29;39.06;40.0;38.13;39.5;2724400.0
1998-09-30;38.75;39.25;38.0;38.13;1492700.0
1998-10-01;36.75;38.0;35.38;35.69;3305500.0
1998-10-02;35.5;36.25;34.13;35.06;4246200.0
1998-10-05;34.0;34.56;31.5;32.19;4927500.0
1998-10-06;33.69;34.31;32.5;32.56;3570200.0
1998-10-07;32.38;33.31;31.87;31.94;4226400.0
1998-10-08;31.0;31.19;28.5;30.81;6153700.0
1998-10-09;31.75;35.25;30.75;35.13;5966400.0
1998-10-12;37.5;38.44;36.56;37.44;5561600.0
1998-10-13;38.06;39.19;36.0;38.75;8407400.0
1998-10-14;39.75;41.31;36.81;37.38;2.03573E7
1998-10-15;36.25;37.25;35.5;36.63;7506000.0
1998-10-16;37.13;38.06;36.5;36.69;5496100.0
1998-10-19;36.69;38.06;35.88;37.5;4248000.0
1998-10-20;37.94;38.19;36.0;36.06;3411500.0
1998-10-21;36.75;37.44;35.75;37.13;3844800.0
1998-10-22;36.88;37.63;36.25;36.75;2833700.0
1998-10-23;36.75;36.88;35.13;35.5;3178400.0
1998-10-26;36.06;37.75;35.5;37.44;4248600.0
1998-10-27;38.0;38.94;35.06;35.25;4805300.0
1998-10-28;35.25;37.0;35.13;36.81;3247400.0
1998-10-29;36.44;37.44;35.81;36.44;3076600.0
1998-10-30;36.81;37.5;36.25;37.13;2836100.0
1998-11-02;37.5;37.75;37.25;37.63;2265800.0
1998-11-03;37.38;38.25;37.31;37.81;3307600.0
1998-11-04;38.56;39.13;38.13;38.69;5606100.0
1998-11-05;38.38;39.38;38.06;38.19;5420700.0
1998-11-06;37.88;38.25;37.25;38.06;7119100.0
1998-11-09;37.69;38.13;35.5;36.63;5899900.0
1998-11-10;36.19;36.25;35.0;35.13;7892700.0
1998-11-11;35.75;35.81;32.75;33.56;8468800.0
1998-11-12;33.13;34.44;32.88;34.0;5313400.0
1998-11-13;34.94;36.06;34.69;35.69;7069800.0
1998-11-16;35.94;36.75;35.44;36.0;3433300.0
1998-11-17;35.75;35.81;34.75;34.81;1881500.0
1998-11-18;35.19;36.0;34.88;35.44;2943400.0
1998-11-19;35.5;37.19;35.44;35.75;3094000.0
1998-11-20;36.44;36.75;34.75;35.31;3564500.0
1998-11-23;35.56;36.81;35.19;36.25;5160300.0
1998-11-24;36.13;36.75;35.75;35.94;2854900.0
1998-11-25;35.88;36.06;34.94;35.13;2712500.0
1998-11-27;35.06;35.13;34.75;35.06;1367000.0
1998-11-30;34.56;34.81;31.75;31.94;5013300.0
1998-12-01;32.0;34.81;31.62;34.13;7729800.0
1998-12-02;34.13;36.88;33.5;36.0;8593600.0
1998-12-03;36.31;36.5;33.63;33.69;5589700.0
1998-12-04;34.31;34.44;32.0;32.75;6440800.0
1998-12-07;33.38;33.75;32.75;33.75;5058900.0
1998-12-08;33.94;33.94;32.0;32.06;6072400.0
1998-12-09;32.69;32.88;31.62;32.0;5293900.0
1998-12-10;32.69;32.94;31.87;32.0;3493300.0
1998-12-11;32.25;34.0;32.0;33.75;6160700.0
1998-12-14;32.88;33.31;32.25;32.5;4477200.0
1998-12-15;32.75;33.63;32.75;33.56;2363500.0
1998-12-16;33.75;34.19;32.63;32.81;3342400.0
1998-12-17;32.94;33.75;32.75;33.44;2951900.0
1998-12-18;33.38;35.38;33.25;35.19;7066900.0
1998-12-21;35.38;35.63;34.25;35.06;3191500.0
1998-12-22;36.38;38.13;36.0;38.0;1.0275E7
1998-12-23;38.63;40.5;38.38;39.81;1.10271E7
1998-12-24;39.88;40.0;39.19;39.25;1785600.0
1998-12-28;39.0;41.13;39.0;40.88;6476000.0
1998-12-29;41.13;41.5;40.25;40.81;3458500.0
1998-12-30;40.13;41.13;40.0;40.06;2119300.0
1998-12-31;40.5;41.38;39.5;40.94;2425800.0
1999-01-04;42.13;42.25;40.0;41.25;8507900.0
1999-01-05;41.94;43.94;41.5;43.31;1.25903E7
1999-01-06;44.13;44.13;41.0;41.75;1.20408E7
1999-01-07;42.25;45.06;42.13;45.0;1.27591E7
1999-01-08;46.56;46.88;44.0;45.0;6061000.0
1999-01-11;45.75;46.06;44.88;45.88;5008700.0
1999-01-12;46.31;46.63;44.13;46.13;7328000.0
1999-01-13;42.88;47.31;42.25;46.5;9355500.0
1999-01-14;45.5;46.0;41.06;41.38;1.53916E7
1999-01-15;41.81;42.13;40.0;41.31;8982200.0
1999-01-19;41.94;42.31;40.38;40.88;4775800.0
1999-01-20;41.06;42.0;40.5;40.56;6947500.0
1999-01-21;40.44;40.56;37.5;38.81;5361500.0
1999-01-22;37.69;39.5;37.06;38.75;3087200.0
1999-01-25;39.25;39.56;38.81;39.38;3440500.0
1999-01-26;39.94;40.88;39.63;40.5;5000400.0
1999-01-27;41.0;41.38;39.94;40.13;3258500.0
1999-01-28;40.88;41.25;40.31;40.88;3002500.0
1999-01-29;41.19;41.56;40.0;41.19;2167100.0
1999-02-01;41.69;41.94;40.31;40.94;2490300.0
1999-02-02;40.38;40.75;39.0;39.19;2742500.0
1999-02-03;39.0;40.56;38.75;40.19;3024500.0
1999-02-04;40.19;40.25;37.75;37.88;4140900.0
1999-02-05;38.25;38.38;35.5;36.31;6939300.0
1999-02-08;36.69;37.94;36.25;37.75;4180600.0
1999-02-09;37.94;39.06;37.06;37.19;6260300.0
1999-02-10;36.88;38.69;36.0;38.31;5032400.0
1999-02-11;38.75;39.75;38.56;39.63;5046400.0
1999-02-12;39.13;39.13;37.0;37.69;3829500.0
1999-02-16;38.88;38.88;37.88;38.31;2680600.0
1999-02-17;38.13;38.69;36.94;37.0;2643400.0
1999-02-18;37.56;37.88;35.56;36.0;4465800.0
1999-02-19;36.25;37.69;36.19;37.19;3229400.0
1999-02-22;37.38;38.88;37.25;38.44;2666700.0
1999-02-23;38.56;39.56;37.94;38.44;2876600.0
1999-02-24;38.81;39.0;37.38;37.44;1899600.0
1999-02-25;37.31;37.69;36.5;36.94;2362500.0
1999-02-26;36.5;37.0;34.5;34.81;5957600.0
1999-03-01;34.81;34.81;33.63;33.75;4355600.0
1999-03-02;34.13;35.31;33.75;34.63;6098700.0
1999-03-03;34.75;35.13;33.5;34.19;2619200.0
1999-03-04;34.5;34.5;32.38;33.44;3279200.0
1999-03-05;34.31;34.31;32.38;33.19;4178900.0
1999-03-08;33.25;34.69;33.19;34.38;4916700.0
1999-03-09;34.31;34.38;33.5;34.13;2854400.0
1999-03-10;34.19;34.19;32.44;32.56;4877500.0
1999-03-11;32.25;33.88;32.0;32.19;4229100.0
1999-03-12;32.31;33.5;32.31;33.19;2423200.0
1999-03-15;33.31;35.0;33.25;34.06;3144300.0
1999-03-16;35.0;35.56;34.94;35.5;3569900.0
1999-03-17;35.94;36.06;33.94;34.06;3270700.0
1999-03-18;34.38;35.63;34.25;35.5;2027500.0
1999-03-19;35.94;36.0;32.88;33.5;4790200.0
1999-03-22;34.0;35.19;32.94;35.06;5300100.0
1999-03-23;34.44;34.44;32.75;33.0;3710300.0
1999-03-24;33.25;33.75;32.5;33.69;3572800.0
1999-03-25;34.38;34.88;33.38;33.81;3571100.0
1999-03-26;33.75;33.81;33.0;33.25;2266400.0
1999-03-29;33.5;35.44;33.44;35.38;5079200.0
1999-03-30;35.0;36.38;35.0;35.88;4951100.0
1999-03-31;36.38;37.13;35.88;35.94;3771000.0
1999-04-01;36.06;36.69;35.75;36.06;2339800.0
1999-04-05;36.0;37.88;36.0;37.06;4115500.0
1999-04-06;36.81;38.31;36.81;38.0;5612400.0
1999-04-07;38.06;38.25;36.38;37.13;3676900.0
1999-04-08;36.88;37.06;36.0;36.88;2646500.0
1999-04-09;36.25;37.25;35.94;36.75;2397700.0
1999-04-12;35.0;36.88;34.88;36.25;3534100.0
1999-04-13;36.31;36.81;34.5;34.63;3682000.0
1999-04-14;35.25;37.06;35.0;35.53;6080600.0
1999-04-15;35.38;36.19;34.31;35.75;1.54864E7
1999-04-16;35.88;36.06;35.25;35.44;4484100.0
1999-04-19;35.69;36.0;33.5;33.88;8230500.0
1999-04-20;33.88;34.75;33.5;34.06;4677300.0
1999-04-21;34.0;34.38;33.5;34.38;3137500.0
1999-04-22;35.06;36.63;35.06;36.38;6608700.0
1999-04-23;36.25;39.44;36.25;39.19;9346800.0
1999-04-26;39.5;41.25;39.25;40.94;8285100.0
1999-04-27;43.0;45.81;43.0;45.75;1.8804E7
1999-04-28;44.63;45.69;43.63;44.06;8526700.0
1999-04-29;43.25;44.38;41.78;43.0;7047400.0
1999-04-30;44.0;47.13;44.0;46.0;1.31458E7
1999-05-03;46.06;50.0;45.75;49.56;1.31289E7
1999-05-04;48.25;48.63;46.19;46.5;7243200.0
1999-05-05;46.31;47.0;44.63;47.0;5172300.0
1999-05-06;46.56;46.88;44.0;44.5;3867400.0
1999-05-07;44.63;45.88;42.75;45.88;3881400.0
1999-05-10;46.75;46.94;44.63;45.25;3508900.0
1999-05-11;44.88;46.19;43.56;44.75;4094600.0
1999-05-12;44.88;46.5;44.13;46.5;3527900.0
1999-05-13;46.44;46.81;45.5;46.19;2638600.0
1999-05-14;45.13;45.81;44.38;44.38;2023500.0
1999-05-17;43.75;44.69;43.0;44.38;1881800.0
1999-05-18;44.81;46.0;44.38;45.25;3735500.0
1999-05-19;45.5;45.75;43.5;45.19;2663200.0
1999-05-20;45.44;45.75;42.5;42.5;3729600.0
1999-05-21;43.0;44.31;42.56;43.94;4135600.0
1999-05-24;43.63;44.31;41.88;41.94;2329700.0
1999-05-25;41.56;42.44;40.94;41.5;3272400.0
1999-05-26;41.75;44.38;41.25;44.06;3906700.0
1999-05-27;43.19;43.75;42.69;43.5;3006800.0
1999-05-28;43.31;44.31;43.13;44.06;1795800.0
1999-06-01;45.0;45.31;44.38;44.81;4116300.0
1999-06-02;44.5;47.94;44.0;46.56;4652300.0
1999-06-03;46.88;48.0;46.81;47.44;4361700.0
1999-06-04;47.63;48.19;47.25;48.13;3291800.0
1999-06-07;48.13;49.0;47.5;48.94;3734700.0
1999-06-08;48.75;48.81;47.56;47.69;2800500.0
1999-06-09;47.44;48.5;47.44;48.44;3158800.0
1999-06-10;47.88;48.25;47.31;48.13;2830800.0
1999-06-11;48.13;48.5;46.25;46.44;1652200.0
1999-06-14;46.5;46.63;45.13;45.44;1402500.0
1999-06-15;45.19;46.75;45.13;46.06;1164200.0
1999-06-16;46.38;48.06;46.38;47.94;2009100.0
1999-06-17;47.63;48.0;45.75;46.38;2003600.0
1999-06-18;45.38;47.25;45.19;47.13;1857700.0
1999-06-21;47.0;47.25;46.0;46.5;1206700.0
1999-06-22;46.31;46.94;45.38;45.38;1348900.0
1999-06-23;45.06;45.09;43.56;43.69;4745500.0
1999-06-24;43.63;43.63;42.25;42.31;3869300.0
1999-06-25;42.5;42.69;42.06;42.19;2626200.0
1999-06-28;42.44;42.94;42.38;42.56;2479400.0
1999-06-29;42.72;45.56;42.63;45.38;3396300.0
1999-06-30;45.69;46.94;44.94;46.31;3064900.0
1999-07-01;46.31;46.56;45.25;45.31;1332300.0
1999-07-02;45.53;46.88;45.19;46.31;1104300.0
1999-07-06;45.94;47.63;45.81;47.38;4051900.0
1999-07-07;47.38;50.75;47.0;49.88;9813900.0
1999-07-08;51.13;55.06;50.88;54.5;1.45093E7
1999-07-09;54.5;55.63;53.0;55.63;5434800.0
1999-07-12;55.5;55.63;54.19;54.5;2713500.0
1999-07-13;53.5;54.19;52.88;53.69;2529100.0
1999-07-14;54.5;56.63;54.5;55.94;5576400.0
1999-07-15;55.88;55.94;51.31;53.25;1.51054E7
1999-07-16;53.63;54.5;53.0;53.06;3674100.0
1999-07-19;53.94;55.81;52.31;54.44;5011600.0
1999-07-20;54.56;55.5;52.75;52.88;3947100.0
1999-07-21;54.06;55.44;52.88;54.06;6412200.0
1999-07-22;53.63;53.88;51.13;52.38;3631500.0
1999-07-23;52.81;53.75;52.69;53.31;2045100.0
1999-07-26;52.88;53.0;50.88;50.94;3135600.0
1999-07-27;52.63;53.94;52.5;53.69;3534900.0
1999-07-28;53.88;55.38;53.0;54.38;2936700.0
1999-07-29;53.38;55.25;53.13;53.88;2459600.0
1999-07-30;54.5;56.13;54.5;55.69;3420900.0
1999-08-02;55.63;58.0;55.5;55.75;3236100.0
1999-08-03;56.75;57.44;53.63;55.25;3289100.0
1999-08-04;55.19;55.88;53.25;53.81;3316300.0
1999-08-05;53.5;54.88;52.13;54.75;2879800.0
1999-08-06;54.06;55.31;53.5;54.13;3888900.0
1999-08-09;54.34;55.19;54.25;54.44;2082900.0
1999-08-10;54.0;56.0;53.63;55.38;3716300.0
1999-08-11;56.0;59.75;55.94;59.69;7592300.0
1999-08-12;59.06;61.38;58.63;60.0;5947400.0
1999-08-13;60.63;62.0;59.88;60.06;2664600.0
1999-08-16;59.81;60.69;59.5;60.5;2472600.0
1999-08-17;60.31;60.38;58.94;60.31;2865500.0
1999-08-18;60.06;62.0;59.63;60.13;4183700.0
1999-08-19;59.81;60.5;58.56;58.75;4910900.0
1999-08-20;59.25;59.38;58.19;59.19;2928100.0
1999-08-23;59.38;61.38;59.31;60.75;3174700.0
1999-08-24;60.38;60.75;59.94;60.38;4484500.0
1999-08-25;60.69;61.5;60.13;61.38;2635400.0
1999-08-26;61.13;63.13;61.13;62.13;3611500.0
1999-08-27;62.75;65.0;62.69;64.75;3989600.0
1999-08-30;65.0;65.0;62.0;62.06;3005300.0
1999-08-31;62.59;65.87;62.06;65.25;5665600.0
1999-09-01;67.0;68.81;66.0;68.62;7041300.0
1999-09-02;67.62;71.44;66.87;70.56;7992400.0
1999-09-03;71.94;75.25;70.5;73.5;1.46006E7
1999-09-07;73.75;77.94;73.5;76.37;8792800.0
1999-09-08;76.19;77.69;74.5;74.5;6805400.0
1999-09-09;75.5;75.94;73.87;75.56;4768600.0
1999-09-10;76.0;77.69;74.69;77.44;4096100.0
1999-09-13;77.06;77.06;74.81;75.0;2250000.0
1999-09-14;74.72;78.5;74.69;77.81;3466900.0
1999-09-15;78.87;79.12;75.25;75.37;3210500.0
1999-09-16;76.06;78.06;73.87;76.81;3945400.0
1999-09-17;77.31;77.75;76.25;76.94;2475700.0
1999-09-20;77.0;80.12;76.87;79.06;4077400.0
1999-09-21;73.19;73.25;69.0;69.25;2.99782E7
1999-09-22;69.75;71.62;69.02;70.31;1.00283E7
1999-09-23;71.12;71.25;63.0;63.31;1.02121E7
1999-09-24;63.38;67.02;63.0;64.94;1.05346E7
1999-09-27;66.37;66.75;61.19;61.31;8466000.0
1999-09-28;61.5;62.0;57.44;59.63;1.26336E7
1999-09-29;60.25;61.25;58.0;59.06;5868600.0
1999-09-30;59.56;64.19;59.25;63.31;8107900.0
1999-10-01;62.13;62.44;59.5;61.72;5489200.0
1999-10-04;62.38;64.87;62.38;64.56;4101400.0
1999-10-05;65.62;68.12;64.75;67.94;7269700.0
1999-10-06;69.37;69.62;67.0;67.19;7181000.0
1999-10-07;68.44;68.62;64.87;66.37;5409700.0
1999-10-08;66.19;66.31;63.5;65.56;3417900.0
1999-10-11;66.0;68.25;66.0;66.69;2349300.0
1999-10-12;67.87;69.62;67.0;67.69;5033500.0
1999-10-13;66.62;69.5;63.75;64.03;5685100.0
1999-10-14;69.25;73.31;69.0;73.19;1.69536E7
1999-10-15;71.12;75.81;70.19;74.56;1.04748E7
1999-10-18;73.87;74.25;71.12;73.25;6932200.0
1999-10-19;71.62;75.0;68.44;68.5;9130200.0
1999-10-20;70.0;75.25;70.0;75.12;9655400.0
1999-10-21;72.56;77.06;72.37;76.12;7084400.0
1999-10-22;77.12;77.25;73.37;73.94;3745600.0
1999-10-25;74.25;76.12;73.75;74.5;2916000.0
1999-10-26;74.94;75.5;73.31;75.06;3227100.0
1999-10-27;74.37;76.62;73.44;76.37;3956000.0
1999-10-28;77.06;79.0;76.06;77.87;4500800.0
1999-10-29;78.81;81.06;78.81;80.12;4670100.0
1999-11-01;80.0;80.69;77.37;77.62;2487300.0
1999-11-02;78.0;81.69;77.31;80.25;3564600.0
1999-11-03;81.62;83.25;81.0;81.5;2932700.0
1999-11-04;82.06;85.37;80.62;83.62;3384700.0
1999-11-05;84.62;88.37;84.0;88.31;3721500.0
1999-11-08;87.75;97.73;86.75;96.37;8490400.0
1999-11-09;94.37;94.5;88.0;89.62;7224800.0
1999-11-10;88.25;93.25;88.12;91.44;5159800.0
1999-11-11;91.59;92.62;89.87;92.25;2409600.0
1999-11-12;91.94;92.0;87.37;90.62;2491600.0
1999-11-15;89.62;92.87;88.5;89.44;2320600.0
1999-11-16;90.0;91.75;88.5;91.19;2088000.0
1999-11-17;90.69;94.75;90.0;90.25;3255100.0
1999-11-18;91.06;91.12;88.44;89.62;3257000.0
1999-11-19;89.5;92.87;88.06;92.44;2790300.0
1999-11-22;91.75;91.75;89.25;90.62;1806800.0
1999-11-23;91.75;95.25;88.5;92.81;4851000.0
1999-11-24;93.0;95.0;91.69;94.69;1920600.0
1999-11-26;94.75;95.5;94.12;95.06;1179200.0
1999-11-29;94.25;99.75;93.25;94.56;4144300.0
1999-11-30;98.12;103.75;97.37;97.87;7528400.0
1999-12-01;101.0;104.5;100.06;103.06;5522900.0
1999-12-02;103.12;110.62;101.75;110.19;5065700.0
1999-12-03;112.19;115.56;111.87;115.0;5785000.0
1999-12-06;114.56;117.31;111.44;116.0;4167700.0
1999-12-07;116.56;118.0;114.0;117.81;3973400.0
1999-12-08;116.25;117.87;109.5;110.06;3681700.0
1999-12-09;111.0;111.0;100.87;105.25;7635700.0
1999-12-10;105.31;109.25;99.0;103.0;5694300.0
1999-12-13;102.39;102.5;98.94;99.0;4731800.0
1999-12-14;98.37;99.75;94.75;94.87;3891700.0
1999-12-15;93.25;97.25;91.06;97.0;5562300.0
1999-12-16;98.0;98.37;94.0;98.31;4141300.0
1999-12-17;100.87;102.0;98.5;100.0;4419700.0
1999-12-20;99.56;99.62;96.62;98.0;2535600.0
1999-12-21;98.19;103.06;97.94;102.5;2746400.0
1999-12-22;102.87;104.56;98.75;99.94;2920300.0
1999-12-23;101.81;104.25;101.06;103.5;2049400.0
1999-12-27;104.37;104.44;99.25;99.31;1503500.0
1999-12-28;99.12;99.62;95.0;98.19;2210500.0
1999-12-29;96.81;102.19;95.5;100.69;2540200.0
1999-12-30;102.19;104.12;99.62;100.31;1849500.0
1999-12-31;100.94;102.87;99.5;102.81;1462600.0
2000-01-03;104.87;112.5;101.69;111.94;4783900.0
2000-01-04;108.25;110.62;101.19;102.5;4574800.0
2000-01-05;103.75;110.56;103.0;104.0;6949300.0
2000-01-06;106.12;107.0;95.0;95.0;6856900.0
2000-01-07;96.5;101.0;95.5;99.5;4113700.0
2000-01-10;102.0;102.25;94.75;97.75;4509500.0
2000-01-11;95.94;99.37;90.5;92.75;3942400.0
2000-01-12;95.0;95.5;86.5;87.19;8714900.0
2000-01-13;94.48;98.75;92.5;96.75;9220400.0
2000-01-14;100.0;102.25;99.37;100.44;3485500.0
2000-01-18;101.0;106.0;100.44;103.94;4099800.0
2000-01-19;105.62;108.75;103.37;106.56;5336100.0
2000-01-20;115.5;121.5;113.5;113.5;1.63494E7
2000-01-21;114.25;114.25;110.19;111.31;4427900.0
2000-01-24;108.44;112.75;105.12;106.25;3936400.0
2000-01-25;105.0;113.12;102.37;112.25;4438800.0
2000-01-26;110.0;114.19;109.75;110.19;3278200.0
2000-01-27;108.81;113.0;107.0;110.0;3037000.0
2000-01-28;108.19;110.87;100.62;101.62;3779900.0
2000-01-31;101.0;103.87;94.5;103.75;6265000.0
2000-02-01;104.0;105.0;100.0;100.25;2839600.0
2000-02-02;100.75;102.12;97.0;98.81;4144600.0
2000-02-03;100.31;104.25;100.25;103.31;4242800.0
2000-02-04;103.94;110.0;103.62;108.0;3797500.0
2000-02-07;108.0;114.25;105.94;114.06;3938100.0
2000-02-08;114.0;116.12;111.25;114.87;3648600.0
2000-02-09;114.12;117.12;112.44;112.62;2672900.0
2000-02-10;112.87;113.87;110.0;113.5;2705200.0
2000-02-11;113.62;114.12;108.25;108.75;1895100.0
2000-02-14;109.31;115.87;108.62;115.81;3281600.0
2000-02-15;115.25;119.94;115.19;119.0;4337000.0
2000-02-16;117.75;118.12;112.12;114.12;3377200.0
2000-02-17;115.19;115.5;113.12;114.87;2584800.0
2000-02-18;114.62;115.37;110.87;111.25;2084300.0
2000-02-22;110.12;116.94;106.69;113.81;3770500.0
2000-02-23;113.23;119.0;111.0;116.25;4224100.0
2000-02-24;117.31;119.12;111.75;115.2;3361000.0
2000-02-25;114.81;117.0;110.12;110.37;2224500.0
2000-02-28;110.12;115.0;108.37;113.25;2931500.0
2000-02-29;113.56;117.25;112.56;114.62;3294300.0
2000-03-01;118.56;132.06;118.5;130.31;9616100.0
2000-03-02;127.0;127.94;120.69;122.0;2779100.0
2000-03-03;124.87;128.23;120.0;128.0;2887200.0
2000-03-06;126.0;129.13;125.0;125.69;1880000.0
2000-03-07;126.44;127.44;121.12;122.87;2437600.0
2000-03-08;122.87;123.94;118.56;122.0;2421700.0
2000-03-09;120.87;125.0;118.25;122.25;2470700.0
2000-03-10;121.69;127.94;121.0;125.75;2219700.0
2000-03-13;122.12;126.5;119.5;121.31;2713900.0
2000-03-14;121.22;124.25;114.0;114.25;3826600.0
2000-03-15;115.62;120.25;114.12;116.25;3960800.0
2000-03-16;117.31;122.0;114.5;121.56;3375900.0
2000-03-17;120.12;125.0;119.62;125.0;2723600.0
2000-03-20;123.5;126.25;122.37;123.0;1825800.0
2000-03-21;122.56;136.75;121.62;134.94;4681500.0
2000-03-22;132.78;144.38;131.56;144.19;5071400.0
2000-03-23;142.0;150.38;140.0;141.31;5022900.0
2000-03-24;142.44;143.94;135.5;138.69;3990300.0
2000-03-27;137.63;144.75;136.88;139.56;2492700.0
2000-03-28;137.25;142.0;137.13;139.13;1812200.0
2000-03-29;139.38;139.44;133.83;135.94;2141400.0
2000-03-30;133.56;137.69;125.44;125.75;3700000.0
2000-03-31;127.44;137.25;126.0;135.81;3612800.0
2000-04-03;135.5;139.5;129.44;133.31;2933600.0
2000-04-04;132.63;133.0;116.75;127.31;5895800.0
2000-04-05;126.47;132.88;124.0;130.38;4086300.0
2000-04-06;130.63;134.5;123.25;125.19;2318100.0
2000-04-07;127.25;131.88;125.5;131.75;2164600.0
2000-04-10;131.69;132.75;124.75;125.0;1895200.0
2000-04-11;123.5;124.87;118.06;119.44;4837700.0
2000-04-12;119.0;119.0;104.87;109.25;8403000.0
2000-04-13;111.5;120.0;108.5;113.81;4730600.0
2000-04-14;109.31;118.0;109.0;111.87;5960900.0
2000-04-17;109.5;123.94;109.06;123.87;3656800.0
2000-04-18;123.5;126.87;119.37;126.87;3490400.0
2000-04-19;126.19;130.25;119.75;121.12;4644200.0
2000-04-20;123.69;124.75;117.06;118.87;6447500.0
2000-04-24;115.0;120.5;114.75;120.5;3960900.0
2000-04-25;122.12;128.75;122.06;128.31;3496800.0
2000-04-26;126.62;128.0;120.0;121.31;3276000.0
2000-04-27;117.19;127.0;116.58;126.75;2916100.0
2000-04-28;127.12;127.5;121.31;124.06;2228400.0
2000-05-01;124.87;125.12;121.87;124.31;2019600.0
2000-05-02;123.25;126.25;117.5;117.87;2111000.0
2000-05-03;118.94;121.25;111.62;115.06;4373200.0
2000-05-04;115.12;115.25;110.56;110.69;3567100.0
2000-05-05;110.81;114.75;110.72;113.12;2536400.0
2000-05-08;112.09;113.69;110.0;110.12;1650900.0
2000-05-09;110.31;111.25;104.87;105.44;2920900.0
2000-05-10;104.06;105.0;98.75;99.31;4777600.0
2000-05-11;101.37;104.25;99.0;102.81;4462000.0
2000-05-12;106.0;110.5;104.77;107.62;2740300.0
2000-05-15;108.06;108.06;100.12;101.0;6061900.0
2000-05-16;104.52;109.06;102.75;105.69;3932600.0
2000-05-17;103.62;103.69;100.37;101.37;3554400.0
2000-05-18;103.0;104.94;100.62;100.75;3337300.0
2000-05-19;99.25;99.25;93.37;94.0;6613100.0
2000-05-22;93.75;93.75;86.0;89.94;6745600.0
2000-05-23;90.5;93.37;85.62;85.81;4621300.0
2000-05-24;86.19;89.75;83.0;87.69;6057700.0
2000-05-25;88.5;92.66;86.0;87.27;3631700.0
2000-05-26;88.0;89.87;85.25;86.37;1617400.0
2000-05-30;87.62;88.12;81.75;87.56;6366600.0
2000-05-31;86.87;91.25;83.81;84.0;3870600.0
2000-06-01;81.75;89.56;80.37;89.12;8070000.0
2000-06-02;93.75;99.75;89.0;92.56;7079000.0
2000-06-05;93.31;95.25;89.69;91.31;2889900.0
2000-06-06;91.97;96.75;90.31;92.87;4691800.0
2000-06-07;93.62;97.0;91.62;96.56;3009100.0
2000-06-08;97.62;98.5;93.12;94.81;2129700.0
2000-06-09;96.75;97.94;94.37;95.75;2253200.0
2000-06-12;96.37;96.44;90.87;91.19;2592300.0
2000-06-13;91.19;94.69;88.19;94.5;3138000.0
2000-06-14;94.69;96.25;90.12;90.44;2477200.0
2000-06-15;91.25;93.37;89.0;92.37;2219400.0
2000-06-16;93.5;93.75;89.06;91.19;2710400.0
2000-06-19;90.56;97.87;89.81;96.62;3517900.0
2000-06-20;98.5;103.94;98.37;101.25;4476700.0
2000-06-21;50.5;56.94;50.31;55.63;4375000.0
2000-06-22;55.75;57.63;53.56;53.75;8352000.0
2000-06-23;53.78;54.63;50.81;51.69;3660100.0
2000-06-26;52.5;54.75;52.13;54.13;3309900.0
2000-06-27;53.78;55.5;51.63;51.75;3633400.0
2000-06-28;53.31;55.38;51.5;54.44;5114800.0
2000-06-29;53.06;53.94;51.06;51.25;3636800.0
2000-06-30;52.81;54.94;51.69;52.38;5769600.0
2000-07-03;52.13;54.31;52.13;53.31;1264800.0
2000-07-05;53.25;55.19;50.75;51.63;4736000.0
2000-07-06;52.5;52.94;49.63;51.81;5527600.0
2000-07-07;52.59;54.81;52.13;54.44;4707200.0
2000-07-10;54.09;58.25;53.75;57.13;7103500.0
2000-07-11;57.0;59.25;55.44;56.94;6391000.0
2000-07-12;58.13;58.94;56.38;58.88;4025600.0
2000-07-13;58.5;60.63;54.75;56.5;7958200.0
2000-07-14;57.13;59.0;56.88;57.69;3397800.0
2000-07-17;58.25;58.81;57.13;58.31;4642900.0
2000-07-18;58.5;58.88;56.88;57.25;5685800.0
2000-07-19;55.19;56.81;51.75;52.69;8176300.0
2000-07-20;55.0;57.06;54.13;55.13;8313800.0
2000-07-21;54.36;55.63;52.94;53.56;3504200.0
2000-07-24;52.56;52.88;47.5;48.69;7360200.0
2000-07-25;50.31;50.63;49.06;50.06;3778700.0
2000-07-26;49.84;51.25;49.25;50.06;3758400.0
2000-07-27;50.0;53.25;49.88;52.0;5267600.0
2000-07-28;52.28;52.5;46.88;48.31;4248100.0
2000-07-31;49.16;51.63;48.75;50.81;2773200.0
2000-08-01;50.31;51.16;49.25;49.31;2451500.0
2000-08-02;49.0;49.94;47.19;47.25;2899200.0
2000-08-03;45.56;48.06;44.25;48.0;6069600.0
2000-08-04;49.47;51.25;46.31;47.38;4698600.0
2000-08-07;47.88;49.06;47.19;47.94;3345500.0
2000-08-08;47.94;48.0;46.31;46.75;3154900.0
2000-08-09;48.13;48.44;47.25;47.5;6779300.0
2000-08-10;48.0;48.44;47.38;47.56;4494900.0
2000-08-11;46.84;48.0;45.56;47.69;4251000.0
2000-08-14;47.59;47.69;46.31;47.06;2797500.0
2000-08-15;47.25;47.94;46.5;46.69;2039300.0
2000-08-16;46.88;49.0;46.81;48.5;2565600.0
2000-08-17;48.38;52.44;48.31;51.44;4837500.0
2000-08-18;51.38;51.81;49.88;50.0;3396000.0
2000-08-21;50.25;51.56;49.63;50.5;2401200.0
2000-08-22;50.63;52.81;50.38;51.69;4942900.0
2000-08-23;51.47;54.75;51.06;54.31;4229700.0
2000-08-24;54.67;56.63;53.38;56.11;5549400.0
2000-08-25;56.5;57.5;56.38;56.81;5972500.0
2000-08-28;57.25;59.0;57.06;58.06;6410800.0
2000-08-29;57.88;59.44;57.69;59.19;4768400.0
2000-08-30;59.0;60.0;58.7;59.5;5096300.0
2000-08-31;58.97;61.5;58.94;60.94;7492800.0
2000-09-01;61.31;63.63;61.13;63.44;4587000.0
2000-09-05;62.66;64.12;62.25;62.44;5332900.0
2000-09-06;61.38;62.38;57.75;58.44;6346500.0
2000-09-07;59.13;62.56;58.25;62.0;3883300.0
2000-09-08;61.63;61.63;58.5;58.88;3491400.0
2000-09-11;58.69;60.38;58.13;58.44;3346100.0
2000-09-12;57.34;60.06;57.0;57.75;3357100.0
2000-09-13;56.75;59.5;56.75;58.0;5464000.0
2000-09-14;58.56;59.63;56.81;56.86;7617000.0
2000-09-15;57.75;58.19;54.25;55.23;7044900.0
2000-09-18;55.25;60.75;55.06;60.66;7581000.0
2000-09-19;59.75;60.5;58.56;59.94;4848400.0
2000-09-20;59.41;61.44;58.56;61.05;4060500.0
2000-09-21;58.5;59.63;55.25;56.69;9115900.0
2000-09-22;50.31;52.44;50.0;52.19;1.29768E7
2000-09-25;52.75;55.5;52.06;53.5;7777700.0
2000-09-26;53.31;54.75;51.38;51.44;5195300.0
2000-09-27;51.75;52.75;48.25;48.94;7183200.0
2000-09-28;49.31;53.81;48.13;53.5;1.74926E7
2000-09-29;28.19;29.0;25.37;25.75;1.32529296E8
2000-10-02;26.69;26.75;23.5;24.25;4.32998E7
2000-10-03;24.94;25.0;22.19;22.31;3.6395E7
2000-10-04;22.37;23.75;21.87;23.62;2.6179E7
2000-10-05;23.5;24.5;22.0;22.06;1.55894E7
2000-10-06;22.69;22.94;21.0;22.19;1.09403E7
2000-10-09;22.62;22.87;21.12;21.75;1.06708E7
2000-10-10;21.62;22.44;20.5;20.87;1.23411E7
2000-10-11;20.12;21.0;19.12;19.62;2.14004E7
2000-10-12;20.31;20.81;19.5;20.0;2.1269E7
2000-10-13;20.25;22.12;20.0;22.06;2.22813E7
2000-10-16;22.31;23.25;21.37;21.5;1.4646E7
2000-10-17;21.69;21.94;19.69;20.12;1.0745E7
2000-10-18;19.44;21.06;18.75;20.12;1.48976E7
2000-10-19;19.16;19.81;18.31;18.94;2.69058E7
2000-10-20;19.06;20.37;18.94;19.5;1.41297E7
2000-10-23;20.27;20.56;19.44;20.37;9844500.0
2000-10-24;20.69;20.87;18.81;18.87;1.43652E7
2000-10-25;19.06;19.19;18.44;18.5;1.18566E7
2000-10-26;18.81;18.87;17.5;18.5;1.28902E7
2000-10-27;18.87;19.19;17.87;18.56;1.32947E7
2000-10-30;19.12;19.94;18.75;19.31;1.14141E7
2000-10-31;19.75;20.25;19.25;19.56;1.58193E7
2000-11-01;19.44;20.87;19.44;20.5;1.02744E7
2000-11-02;21.12;22.44;21.06;22.31;1.05481E7
2000-11-03;23.0;23.0;21.94;22.25;9211100.0
2000-11-06;22.44;22.62;20.87;21.44;7026400.0
2000-11-07;21.5;21.81;20.81;21.31;5392200.0
2000-11-08;21.37;21.44;19.81;20.06;7537300.0
2000-11-09;19.87;20.5;19.06;20.19;8514900.0
2000-11-10;19.36;19.87;19.06;19.06;7540200.0
2000-11-13;18.75;20.0;18.25;19.37;7711000.0
2000-11-14;19.94;20.5;19.56;20.25;7303600.0
2000-11-15;20.03;20.19;19.25;19.87;5042100.0
2000-11-16;19.5;19.81;18.87;19.0;4274500.0
2000-11-17;19.19;19.25;18.25;18.5;7967500.0
2000-11-20;18.59;19.5;18.25;18.94;7286900.0
2000-11-21;19.19;19.5;18.75;18.81;5392000.0
2000-11-22;18.81;19.12;18.37;18.5;5009500.0
2000-11-24;18.86;19.5;18.81;19.31;2873800.0
2000-11-27;19.87;19.94;18.5;18.69;4621300.0
2000-11-28;18.69;19.0;17.94;18.03;4805800.0
2000-11-29;18.09;18.31;17.25;17.56;8788400.0
2000-11-30;16.69;17.0;16.12;16.5;1.44571E7
2000-12-01;17.0;17.5;16.81;17.06;6887600.0
2000-12-04;17.19;17.19;16.44;16.69;6634300.0
2000-12-05;16.94;17.44;16.37;17.0;1.09639E7
2000-12-06;14.63;15.0;14.0;14.31;2.4544E7
2000-12-07;14.44;14.88;14.0;14.31;7302100.0
2000-12-08;14.81;15.31;14.44;15.06;7779000.0
2000-12-11;15.19;15.38;14.88;15.19;5937700.0
2000-12-12;15.25;16.0;15.0;15.38;6897500.0
2000-12-13;15.56;15.56;14.88;15.0;6158700.0
2000-12-14;15.03;15.25;14.44;14.44;4702100.0
2000-12-15;14.56;14.69;14.0;14.06;9177600.0
2000-12-18;14.56;14.63;13.94;14.25;5818000.0
2000-12-19;14.38;15.25;14.0;14.0;6678700.0
2000-12-20;13.78;14.63;13.63;14.38;1.00952E7
2000-12-21;14.25;15.0;13.88;14.06;6550800.0
2000-12-22;14.13;15.0;14.13;15.0;5679500.0
2000-12-26;14.88;15.0;14.25;14.69;3871700.0
2000-12-27;14.34;14.81;14.19;14.81;5811900.0
2000-12-28;14.38;14.94;14.31;14.81;5449600.0
2000-12-29;14.69;15.0;14.5;14.88;1.1256E7
2001-01-02;14.88;15.25;14.56;14.88;8077000.0
2001-01-03;14.5;16.69;14.44;16.37;1.45906E7
2001-01-04;18.14;18.5;16.81;17.06;1.32035E7
2001-01-05;16.94;17.37;16.06;16.37;7363500.0
2001-01-08;16.94;16.98;15.94;16.56;6673200.0
2001-01-09;16.81;17.64;16.56;17.19;1.05166E7
2001-01-10;16.69;17.0;16.06;16.56;1.03711E7
2001-01-11;16.25;18.5;16.25;18.0;1.43524E7
2001-01-12;17.87;18.0;17.06;17.19;7560300.0
2001-01-16;17.44;18.25;17.0;17.12;5466400.0
2001-01-17;17.56;17.56;16.5;16.81;1.50156E7
2001-01-18;17.81;18.75;17.62;18.69;2.19109E7
2001-01-19;19.44;19.56;18.69;19.5;1.3869E7
2001-01-22;19.06;19.62;18.44;19.25;9273700.0
2001-01-23;19.31;20.94;19.06;20.5;1.57059E7
2001-01-24;20.62;20.69;19.56;20.5;1.28052E7
2001-01-25;20.56;20.56;19.75;19.94;8744800.0
2001-01-26;19.5;19.81;19.06;19.56;8621800.0
2001-01-29;19.56;21.75;19.56;21.69;1.52773E7
2001-01-30;21.56;22.0;20.87;21.75;1.23647E7
2001-01-31;21.5;22.5;21.44;21.62;1.30483E7
2001-02-01;20.69;21.5;20.5;21.12;6601700.0
2001-02-02;21.12;21.94;20.5;20.62;7631100.0
2001-02-05;20.5;20.56;19.75;20.19;5109200.0
2001-02-06;20.16;21.39;20.0;21.12;8262700.0
2001-02-07;20.66;20.87;19.81;20.75;7033700.0
2001-02-08;20.56;21.06;20.19;20.75;1.0788E7
2001-02-09;20.5;20.81;18.69;19.12;1.05372E7
2001-02-12;19.06;20.0;18.81;19.69;4895000.0
2001-02-13;19.94;20.44;19.0;19.12;4233400.0
2001-02-14;19.19;19.62;18.5;19.5;5520000.0
2001-02-15;19.69;20.56;19.69;20.06;5561000.0
2001-02-16;19.0;19.5;18.75;19.0;4712700.0
2001-02-20;19.19;19.44;18.19;18.31;5623100.0
2001-02-21;18.25;19.94;18.25;18.87;6968900.0
2001-02-22;19.06;19.37;18.0;18.81;7713600.0
2001-02-23;18.62;18.87;18.25;18.81;5247600.0
2001-02-26;19.06;19.69;18.56;19.5;3686400.0
2001-02-27;19.28;19.44;18.69;19.37;6223500.0
2001-02-28;19.37;19.44;18.12;18.25;9075600.0
2001-03-01;17.81;18.75;17.19;18.75;5901100.0
2001-03-02;18.31;20.44;18.25;19.25;7253600.0
2001-03-05;19.37;20.5;19.25;20.37;5788800.0
2001-03-06;20.72;22.06;20.69;21.5;1.30679E7
2001-03-07;21.31;21.62;20.75;21.25;7491800.0
2001-03-08;20.69;21.12;20.44;20.81;3658200.0
2001-03-09;20.62;20.69;20.0;20.25;5341700.0
2001-03-12;19.69;19.87;18.12;18.62;6982500.0
2001-03-13;18.87;19.56;18.19;19.56;7916600.0
2001-03-14;18.5;20.5;18.44;20.44;8531700.0
2001-03-15;20.87;21.37;19.69;19.69;9452100.0
2001-03-16;19.0;20.31;18.87;19.62;8398500.0
2001-03-19;19.75;20.62;19.5;20.56;6357300.0
2001-03-20;20.72;20.94;19.69;19.69;8914400.0
2001-03-21;19.78;20.87;19.37;20.12;6631700.0
2001-03-22;20.37;21.75;20.19;21.62;1.29161E7
2001-03-23;22.06;23.56;22.0;23.0;1.6873E7
2001-03-26;23.13;23.75;21.13;21.78;1.31152E7
2001-03-27;21.94;23.05;21.9;22.87;9711100.0
2001-03-28;22.08;22.5;21.5;22.17;1.04404E7
2001-03-29;21.77;23.45;21.5;22.53;1.09476E7
2001-03-30;22.55;22.72;21.34;22.07;7149100.0
2001-04-02;22.09;22.66;21.4;21.59;6087700.0
2001-04-03;21.36;21.4;20.13;20.24;6583700.0
2001-04-04;19.76;20.25;18.75;19.5;1.22408E7
2001-04-05;20.6;22.5;20.0;20.87;7977900.0
2001-04-06;20.8;21.04;19.9;20.59;5801600.0
2001-04-09;20.69;21.34;20.06;20.54;4760400.0
2001-04-10;20.9;22.7;20.78;22.04;8167400.0
2001-04-11;22.98;23.0;21.28;21.8;5966000.0
2001-04-12;21.42;23.02;21.15;22.42;5338100.0
2001-04-16;22.09;22.4;20.86;21.44;5093300.0
2001-04-17;21.2;21.21;19.6;20.4;1.22357E7
2001-04-18;21.57;24.08;21.08;22.79;1.96579E7
2001-04-19;25.55;25.75;23.6;25.72;3.34584E7
2001-04-20;24.93;25.63;24.6;25.04;1.23822E7
2001-04-23;24.34;25.0;24.0;24.25;9670100.0
2001-04-24;24.33;24.75;23.51;24.03;6734600.0
2001-04-25;24.21;24.86;23.57;24.72;5906800.0
2001-04-26;25.17;26.1;24.68;24.69;1.42803E7
2001-04-27;25.2;26.29;24.75;26.2;8089500.0
2001-04-30;26.7;27.12;24.87;25.49;8835300.0
2001-05-01;25.41;26.5;25.2;25.93;7629500.0
2001-05-02;26.34;26.7;25.76;26.59;6580800.0
2001-05-03;25.97;26.25;24.73;24.96;5384700.0
2001-05-04;24.24;25.85;23.96;25.75;5018800.0
2001-05-07;25.62;25.76;24.84;24.96;4938400.0
2001-05-08;25.35;25.45;23.95;24.57;5632800.0
2001-05-09;24.14;24.55;23.67;23.98;5801600.0
2001-05-10;24.21;24.5;22.95;23.0;5160300.0
2001-05-11;23.01;23.49;22.76;22.85;3625800.0
2001-05-14;22.89;23.68;22.75;23.29;5521800.0
2001-05-15;23.37;25.5;23.04;23.18;4232600.0
2001-05-16;23.26;24.5;22.85;24.1;5755900.0
2001-05-17;24.23;24.33;23.25;23.55;5930700.0
2001-05-18;23.36;23.64;23.12;23.53;2840200.0
2001-05-21;23.63;23.91;23.05;23.56;8232100.0
2001-05-22;24.0;24.13;23.4;23.5;7373500.0
2001-05-23;23.75;23.75;22.86;23.23;5018600.0
2001-05-24;23.29;23.3;22.62;23.2;4852800.0
2001-05-25;23.2;23.29;22.5;22.76;2834700.0
2001-05-29;22.32;22.5;20.81;21.47;9214100.0
2001-05-30;20.76;20.76;19.3;19.78;1.38764E7
2001-05-31;19.8;20.24;19.49;19.95;7908800.0
2001-06-01;20.13;21.09;19.98;20.89;8144200.0
2001-06-04;21.08;21.11;20.46;20.66;5034300.0
2001-06-05;20.8;21.1;20.35;20.94;8424900.0
2001-06-06;20.93;20.93;20.33;20.73;3985300.0
2001-06-07;20.71;21.7;20.45;21.66;5806800.0
2001-06-08;21.65;21.65;20.71;21.32;6118300.0
2001-06-11;21.05;21.07;19.95;20.04;5250000.0
2001-06-12;19.77;20.69;19.76;20.31;5424900.0
2001-06-13;21.42;21.73;20.06;20.47;9133700.0
2001-06-14;20.04;20.45;19.77;19.88;5309800.0
2001-06-15;20.1;20.75;19.35;20.44;8118300.0
2001-06-18;20.41;20.85;20.0;20.33;6177000.0
2001-06-19;20.85;21.4;20.01;20.19;5733700.0
2001-06-20;20.0;21.85;19.98;21.67;7707500.0
2001-06-21;21.55;23.0;21.1;22.49;6095200.0
2001-06-22;22.48;23.0;21.76;22.26;5107600.0
2001-06-25;22.5;24.0;22.45;23.99;7849100.0
2001-06-26;23.34;23.77;23.01;23.75;4871100.0
2001-06-27;23.83;24.0;22.5;23.34;6680900.0
2001-06-28;23.05;23.91;22.94;23.54;6221600.0
2001-06-29;23.66;25.1;23.2;23.25;9203400.0
2001-07-02;23.64;24.23;23.14;23.9;4108000.0
2001-07-03;23.51;24.18;23.5;23.84;2009700.0
2001-07-05;23.6;23.77;23.01;23.19;2719500.0
2001-07-06;22.76;22.96;21.72;22.03;5409300.0
2001-07-09;22.09;23.0;21.68;22.7;6026200.0
2001-07-10;22.95;23.07;20.84;21.14;7058400.0
2001-07-11;21.03;22.55;21.0;22.54;8401900.0
2001-07-12;23.3;24.81;23.3;24.36;1.09786E7
2001-07-13;24.13;25.01;23.84;24.85;8120400.0
2001-07-16;24.88;25.1;23.91;23.96;4976200.0
2001-07-17;23.98;25.22;23.01;25.1;1.15684E7
2001-07-18;21.78;22.78;20.42;20.79;2.03038E7
2001-07-19;21.23;21.42;19.75;19.96;1.53775E7
2001-07-20;19.7;20.06;19.49;19.98;7939000.0
2001-07-23;20.09;20.5;19.51;19.54;4310000.0
2001-07-24;19.39;19.92;18.73;19.09;6221000.0
2001-07-25;19.12;19.3;17.97;18.47;7926400.0
2001-07-26;18.48;18.8;17.85;18.59;6591800.0
2001-07-27;18.75;19.25;18.5;18.96;5966700.0
2001-07-30;19.12;19.36;18.51;18.93;4345700.0
2001-07-31;19.27;19.42;18.51;18.79;4196900.0
2001-08-01;19.01;19.78;18.95;19.06;5431000.0
2001-08-02;19.65;19.87;19.26;19.82;4501600.0
2001-08-03;19.89;19.9;19.0;19.5;3322400.0
2001-08-06;19.04;19.66;19.0;19.13;1779500.0
2001-08-07;19.33;19.67;18.98;19.25;3009800.0
2001-08-08;19.26;19.7;18.54;18.9;4931600.0
2001-08-09;18.96;19.15;18.72;19.05;3583300.0
2001-08-10;19.04;19.32;18.59;19.02;3338600.0
2001-08-13;19.1;19.33;18.76;19.09;2642800.0
2001-08-14;19.2;19.36;18.67;18.73;4088400.0
2001-08-15;18.76;18.94;18.2;18.44;5165700.0
2001-08-16;18.27;18.75;17.97;18.65;5144500.0
2001-08-17;18.0;18.45;17.99;18.07;3721900.0
2001-08-20;18.14;18.23;17.81;18.12;4505400.0
2001-08-21;18.14;18.14;17.7;17.92;3316100.0
2001-08-22;17.94;18.25;17.61;18.21;3106700.0
2001-08-23;18.2;18.34;17.58;17.81;3876400.0
2001-08-24;18.0;18.62;17.65;18.57;5184500.0
2001-08-27;18.6;19.3;18.16;18.92;3136500.0
2001-08-28;18.9;19.14;18.4;18.4;3066700.0
2001-08-29;18.44;18.83;17.83;17.83;4285200.0
2001-08-30;17.74;18.18;17.28;17.83;6583800.0
2001-08-31;17.73;18.6;17.65;18.55;3873300.0
2001-09-04;18.5;19.08;18.18;18.25;6218100.0
2001-09-05;18.24;18.95;18.12;18.55;6429600.0
2001-09-06;18.4;18.93;17.65;17.72;5042300.0
2001-09-07;17.5;18.1;17.2;17.28;4318400.0
2001-09-10;17.0;17.5;16.92;17.37;5515100.0
2001-09-17;16.0;17.07;15.73;16.99;8178700.0
2001-09-18;16.9;17.72;16.17;16.28;5841100.0
2001-09-19;16.5;17.1;15.6;17.02;6666400.0
2001-09-20;16.29;16.95;15.5;15.68;7342400.0
2001-09-21;14.8;16.25;14.68;15.73;1.01878E7
2001-09-24;16.11;16.84;15.95;16.45;5259600.0
2001-09-25;16.14;16.22;15.35;15.54;6685800.0
2001-09-26;15.81;15.89;14.93;15.15;8817800.0
2001-09-27;15.25;15.75;15.2;15.51;5754300.0
2001-09-28;15.71;15.91;15.39;15.51;6519800.0
2001-10-01;15.49;15.99;15.23;15.54;3718000.0
2001-10-02;15.43;15.83;14.88;15.05;4212200.0
2001-10-03;14.95;15.36;14.83;14.98;1.21972E7
2001-10-04;15.35;16.25;14.99;15.88;7162900.0
2001-10-05;15.4;16.15;14.99;16.14;6119400.0
2001-10-08;15.57;16.35;15.5;16.2;3714000.0
2001-10-09;16.05;16.2;15.63;16.0;3107600.0
2001-10-10;16.1;16.85;15.95;16.82;5495700.0
2001-10-11;16.92;17.74;16.85;17.74;5967200.0
2001-10-12;17.31;18.08;16.86;18.01;5139500.0
2001-10-15;17.95;18.38;17.95;17.99;5692000.0
2001-10-16;18.09;18.2;17.77;18.01;3624100.0
2001-10-17;18.34;18.41;16.96;16.99;5098900.0
2001-10-18;17.29;18.23;17.29;18.0;1.09388E7
2001-10-19;17.94;18.4;17.88;18.3;2978400.0
2001-10-22;18.21;19.07;18.09;19.02;6998900.0
2001-10-23;19.12;19.42;17.87;18.14;1.22318E7
2001-10-24;18.06;19.09;17.75;18.95;6686200.0
2001-10-25;18.44;19.25;18.16;19.19;4552700.0
2001-10-26;18.86;19.25;18.62;18.67;4981500.0
2001-10-29;18.57;18.67;17.6;17.63;4271100.0
2001-10-30;17.38;18.0;17.06;17.6;4942200.0
2001-10-31;17.73;18.4;17.44;17.56;4888400.0
2001-11-01;17.65;18.78;17.25;18.59;5589200.0
2001-11-02;18.52;18.86;18.16;18.57;3521500.0
2001-11-05;18.84;19.25;18.61;19.07;4210600.0
2001-11-06;18.96;19.62;18.53;19.57;5643200.0
2001-11-07;19.46;20.13;19.33;19.59;6839100.0
2001-11-08;19.63;19.89;18.57;18.71;6109700.0
2001-11-09;18.6;19.25;18.55;18.71;2398100.0
2001-11-12;18.66;19.17;17.96;18.75;3598200.0
2001-11-13;19.08;19.39;18.71;19.37;4012000.0
2001-11-14;19.59;19.9;19.15;19.61;3949100.0
2001-11-15;19.45;19.9;19.23;19.45;3804100.0
2001-11-16;19.27;19.29;18.4;18.97;4119000.0
2001-11-19;19.0;20.05;18.96;20.0;5939100.0
2001-11-20;19.82;20.2;19.5;19.53;4939000.0
2001-11-21;19.61;19.8;19.26;19.68;3599700.0
2001-11-23;19.71;19.95;19.57;19.84;1071500.0
2001-11-26;19.94;21.55;19.88;21.37;8226600.0
2001-11-27;21.2;21.52;20.5;21.0;4795600.0
2001-11-28;20.85;21.21;20.41;20.53;4475200.0
2001-11-29;20.6;20.7;20.19;20.42;3620800.0
2001-11-30;20.47;21.44;20.25;21.3;5427000.0
2001-12-03;21.06;21.28;20.6;21.05;3235100.0
2001-12-04;21.05;22.56;20.72;22.4;6793200.0
2001-12-05;22.36;24.03;22.17;23.76;1.01532E7
2001-12-06;23.48;23.5;22.14;22.78;6052400.0
2001-12-07;22.46;22.71;22.0;22.54;3634200.0
2001-12-10;22.29;22.99;22.23;22.54;3035900.0
2001-12-11;22.67;22.85;21.65;21.78;3669200.0
2001-12-12;21.87;21.92;21.25;21.49;3436800.0
2001-12-13;21.49;21.55;20.5;21.0;3532900.0
2001-12-14;20.73;20.83;20.09;20.39;3390800.0
2001-12-17;20.4;21.0;20.19;20.62;3102000.0
2001-12-18;20.89;21.33;20.22;21.01;4200700.0
2001-12-19;20.58;21.68;20.47;21.62;5177800.0
2001-12-20;21.4;21.47;20.62;20.67;3944000.0
2001-12-21;21.01;21.54;20.8;21.0;4577400.0
2001-12-24;20.9;21.45;20.9;21.36;904100.0
2001-12-26;21.35;22.3;21.14;21.49;2614300.0
2001-12-27;21.58;22.25;21.58;22.07;3419800.0
2001-12-28;21.97;23.0;21.96;22.43;5341500.0
2001-12-31;22.51;22.66;21.83;21.9;2460400.0
2002-01-02;22.05;23.3;21.96;23.3;9455300.0
2002-01-03;23.75;23.75;22.77;23.58;1.09287E7
2002-01-04;23.34;23.95;22.99;23.69;7321000.0
2002-01-07;23.72;24.0;22.75;22.9;7939000.0
2002-01-08;22.75;23.05;22.46;22.61;8036400.0
2002-01-09;22.8;22.93;21.28;21.65;5854200.0
2002-01-10;21.22;21.47;20.26;21.23;8084600.0
2002-01-11;21.39;21.84;20.6;21.05;6228600.0
2002-01-14;21.01;21.4;20.9;21.15;7428500.0
2002-01-15;21.32;21.76;21.21;21.7;5184300.0
2002-01-16;21.41;21.41;20.5;20.78;1.01231E7
2002-01-17;21.97;22.74;21.87;22.48;1.1796E7
2002-01-18;22.0;22.6;21.96;22.17;6050200.0
2002-01-22;22.27;22.37;21.82;21.82;5844900.0
2002-01-23;23.04;23.04;21.59;23.02;7915700.0
2002-01-24;22.91;23.51;22.9;23.21;6142900.0
2002-01-25;22.89;23.42;22.66;23.25;3319900.0
2002-01-28;23.4;23.55;22.72;23.27;3329400.0
2002-01-29;23.22;23.54;22.85;23.07;4291500.0
2002-01-30;23.07;24.14;22.94;24.09;8421000.0
2002-01-31;24.16;24.73;24.11;24.72;8365100.0
2002-02-01;24.96;24.96;24.34;24.41;7112600.0
2002-02-04;24.32;25.52;24.2;25.35;9328100.0
2002-02-05;25.09;25.98;25.08;25.45;8158700.0
2002-02-06;25.61;25.98;24.15;24.67;1.0671E7
2002-02-07;24.65;25.29;24.08;24.3;6211300.0
2002-02-08;24.41;24.64;23.37;24.03;6345200.0
2002-02-11;23.93;25.0;23.74;24.98;7117900.0
2002-02-12;24.66;25.04;24.45;24.71;4005000.0
2002-02-13;24.73;25.24;24.65;25.01;5587000.0
2002-02-14;25.05;25.23;24.38;24.6;4645900.0
2002-02-15;24.98;24.98;23.85;23.9;4646200.0
2002-02-19;23.76;23.9;22.48;22.62;6968900.0
2002-02-20;23.2;23.2;22.35;23.13;5097200.0
2002-02-21;22.92;23.0;21.45;21.5;7977700.0
2002-02-22;21.66;22.95;21.5;22.74;7258500.0
2002-02-25;22.85;24.72;22.36;23.81;7622300.0
2002-02-26;23.91;24.37;23.25;23.67;4645200.0
2002-02-27;23.94;24.25;20.94;21.96;1.83957E7
2002-02-28;22.15;22.59;21.35;21.7;8159600.0
2002-03-01;21.93;23.5;21.82;23.45;6232000.0
2002-03-04;23.26;24.58;22.76;24.29;6218900.0
2002-03-05;24.15;24.43;23.4;23.53;4905400.0
2002-03-06;23.48;24.34;22.93;24.07;4039400.0
2002-03-07;24.06;24.53;23.61;24.38;4611600.0
2002-03-08;24.74;25.09;24.3;24.66;4817400.0
2002-03-11;24.6;25.14;24.1;25.06;4692600.0
2002-03-12;24.74;24.74;24.1;24.72;4536700.0
2002-03-13;24.37;24.85;24.15;24.49;3585100.0
2002-03-14;24.6;24.6;23.88;24.43;3880300.0
2002-03-15;24.46;24.96;24.25;24.95;4301800.0
2002-03-18;24.95;25.05;24.32;24.74;5438500.0
2002-03-19;24.69;25.3;24.3;24.85;4327600.0
2002-03-20;24.66;25.14;24.5;24.92;5255700.0
2002-03-21;24.3;24.3;23.26;24.27;1.10063E7
2002-03-22;24.22;24.56;23.87;24.09;3610600.0
2002-03-25;24.07;24.09;23.24;23.35;4693400.0
2002-03-26;23.2;23.64;23.0;23.46;4604300.0
2002-03-27;23.35;23.72;23.26;23.47;2280400.0
2002-03-28;23.7;23.88;23.46;23.67;1936700.0
2002-04-01;24.7;24.7;23.28;24.46;3554400.0
2002-04-02;24.0;24.3;23.87;24.07;3639200.0
2002-04-03;24.05;24.49;23.6;23.75;3830900.0
2002-04-04;23.67;25.05;23.67;24.9;6044600.0
2002-04-05;24.95;25.19;24.1;24.74;4970500.0
2002-04-08;24.16;24.68;23.78;24.56;4669900.0
2002-04-09;24.59;25.0;24.01;24.1;3420200.0
2002-04-10;24.21;24.95;24.01;24.66;4017500.0
2002-04-11;25.03;25.2;24.75;24.86;7272400.0
2002-04-12;25.01;25.17;24.57;25.06;5718600.0
2002-04-15;25.06;25.15;24.8;25.0;5345900.0
2002-04-16;25.15;26.0;25.12;25.74;1.09746E7
2002-04-17;25.93;26.17;25.38;26.11;7075900.0
2002-04-18;25.5;25.52;24.88;25.41;7173400.0
2002-04-19;25.49;25.49;24.93;24.98;6703700.0
2002-04-22;24.84;24.93;24.23;24.53;4811200.0
2002-04-23;24.54;24.78;24.09;24.25;4169100.0
2002-04-24;24.3;24.5;23.68;23.77;2508000.0
2002-04-25;23.56;24.34;23.55;24.12;3467900.0
2002-04-26;24.28;24.37;23.0;23.01;5446100.0
2002-04-29;23.16;24.06;23.09;23.96;4862300.0
2002-04-30;23.89;24.38;23.75;24.27;5017200.0
2002-05-01;24.29;24.29;23.36;23.98;3834000.0
2002-05-02;23.81;24.34;23.6;23.69;4274000.0
2002-05-03;23.57;24.02;23.43;23.51;4121100.0
2002-05-06;23.35;23.5;22.46;22.65;4458300.0
2002-05-07;22.94;22.95;22.14;22.47;4334800.0
2002-05-08;23.2;24.52;23.04;24.37;7797900.0
2002-05-09;24.25;24.35;23.8;24.19;4011000.0
2002-05-10;24.29;24.29;22.98;23.32;4203500.0
2002-05-13;23.52;24.09;22.94;23.94;4743000.0
2002-05-14;24.45;25.68;24.22;25.61;9401900.0
2002-05-15;25.37;25.98;24.84;25.28;5996900.0
2002-05-16;25.06;25.45;24.75;25.21;4054500.0
2002-05-17;25.49;25.78;24.61;25.01;4223100.0
2002-05-20;24.57;24.93;24.53;24.74;4819900.0
2002-05-21;24.83;25.0;23.4;23.46;5017700.0
2002-05-22;23.37;24.37;23.32;24.32;5194200.0
2002-05-23;24.45;25.24;24.07;25.18;6596400.0
2002-05-24;24.99;24.99;23.96;24.15;2967400.0
2002-05-28;23.69;24.2;23.43;23.98;2673500.0
2002-05-29;23.92;24.44;23.45;23.98;3960600.0
2002-05-30;23.77;24.38;23.51;24.2;3506700.0
2002-05-31;24.09;24.25;23.28;23.3;6526700.0
2002-06-03;23.39;23.45;22.58;22.91;4198400.0
2002-06-04;22.88;23.04;22.18;22.78;6211100.0
2002-06-05;22.83;22.89;22.35;22.72;4947900.0
2002-06-06;22.96;23.23;22.04;22.16;4642800.0
2002-06-07;21.76;21.94;20.93;21.4;1.09353E7
2002-06-10;21.48;21.84;21.34;21.48;4956700.0
2002-06-11;21.64;21.7;20.41;20.46;6241000.0
2002-06-12;20.41;20.75;19.94;20.09;9441400.0
2002-06-13;20.02;20.05;19.38;19.54;6287200.0
2002-06-14;19.24;20.36;18.11;20.1;7587500.0
2002-06-17;20.24;20.63;19.85;20.54;5796600.0
2002-06-18;20.42;20.59;19.98;20.15;6310000.0
2002-06-19;17.37;17.6;16.88;17.12;3.05262E7
2002-06-20;17.17;17.6;16.85;17.11;7082800.0
2002-06-21;16.97;17.49;16.79;16.85;7949600.0
2002-06-24;16.77;17.73;16.7;17.27;7713100.0
2002-06-25;17.4;17.68;16.86;17.14;5378600.0
2002-06-26;16.8;17.29;15.98;16.55;9981300.0
2002-06-27;16.79;17.27;16.42;17.06;4493900.0
2002-06-28;17.1;17.82;17.0;17.72;4818900.0
2002-07-01;17.71;17.88;17.05;17.06;3976600.0
2002-07-02;17.03;17.16;16.83;16.94;5449800.0
2002-07-03;16.81;17.68;16.75;17.55;3554100.0
2002-07-05;17.71;18.75;17.71;18.74;2886600.0
2002-07-08;18.52;18.61;17.68;18.01;3771500.0
2002-07-09;18.09;18.29;17.46;17.53;4049100.0
2002-07-10;17.71;18.17;17.25;17.32;3694300.0
2002-07-11;17.26;18.35;16.97;18.3;6672800.0
2002-07-12;18.55;18.79;17.26;17.5;7919500.0
2002-07-15;17.43;18.6;16.81;18.23;5285600.0
2002-07-16;18.15;18.57;17.61;17.86;7978000.0
2002-07-17;16.13;16.2;15.19;15.63;2.17051E7
2002-07-18;15.5;15.56;14.75;14.99;9990400.0
2002-07-19;14.7;15.17;14.53;14.96;6878700.0
2002-07-22;14.75;15.19;14.61;14.92;7694600.0
2002-07-23;14.9;15.13;14.44;14.47;7140900.0
2002-07-24;14.33;15.22;14.25;15.2;7260600.0
2002-07-25;14.93;14.95;14.01;14.36;8559900.0
2002-07-26;14.46;14.53;13.8;14.34;3709000.0
2002-07-29;14.48;15.1;14.37;15.02;4910000.0
2002-07-30;14.85;15.51;14.56;15.43;6336400.0
2002-07-31;15.4;15.42;14.9;15.26;5548200.0
2002-08-01;15.11;15.42;14.73;14.8;4088500.0
2002-08-02;14.74;15.0;14.25;14.45;3197500.0
2002-08-05;14.51;14.7;13.97;13.99;3643300.0
2002-08-06;14.21;15.23;14.08;14.74;4858100.0
2002-08-07;15.09;15.36;14.35;15.03;5954900.0
2002-08-08;14.77;15.38;14.77;15.3;4059800.0
2002-08-09;15.25;15.25;14.75;15.0;3673500.0
2002-08-12;14.9;15.02;14.69;14.99;3210100.0
2002-08-13;14.9;15.21;14.55;14.59;4819100.0
2002-08-14;14.67;15.35;14.54;15.17;7126500.0
2002-08-15;15.25;15.75;15.01;15.61;5751400.0
2002-08-16;15.45;16.1;15.28;15.81;4379000.0
2002-08-19;15.78;16.25;15.72;15.98;3867100.0
2002-08-20;15.97;16.09;15.53;15.91;3332600.0
2002-08-21;16.01;16.24;15.45;16.12;3614800.0
2002-08-22;16.2;16.25;15.66;15.97;4612700.0
2002-08-23;15.9;15.93;15.45;15.73;2915100.0
2002-08-26;15.95;15.95;15.16;15.53;3392300.0
2002-08-27;15.71;15.74;14.71;14.85;4682700.0
2002-08-28;14.8;15.12;14.65;14.7;4428100.0
2002-08-29;14.65;15.08;14.51;14.7;2931600.0
2002-08-30;14.73;15.14;14.58;14.75;3455700.0
2002-09-03;14.49;14.55;14.05;14.05;4945300.0
2002-09-04;14.2;14.78;14.17;14.48;7511800.0
2002-09-05;14.22;14.36;14.05;14.18;4038900.0
2002-09-06;14.51;14.65;14.23;14.38;3242700.0
2002-09-09;14.28;14.53;14.15;14.37;2825800.0
2002-09-10;14.41;14.5;14.12;14.33;4454800.0
2002-09-11;14.34;14.6;14.15;14.29;3614500.0
2002-09-12;14.2;14.51;14.12;14.14;4818400.0
2002-09-13;14.13;14.34;14.05;14.17;5052700.0
2002-09-16;14.14;14.61;14.12;14.5;5118600.0
2002-09-17;14.57;15.03;14.57;14.8;7642800.0
2002-09-18;14.69;15.09;14.52;15.02;5868600.0
2002-09-19;14.75;14.8;14.48;14.58;3677600.0
2002-09-20;14.62;14.94;14.52;14.87;6299800.0
2002-09-23;14.76;14.96;14.45;14.85;4709100.0
2002-09-24;14.4;14.82;14.4;14.64;4476100.0
2002-09-25;14.69;15.17;14.65;14.93;4547900.0
2002-09-26;15.1;15.19;14.55;14.7;3725800.0
2002-09-27;14.49;14.85;14.48;14.72;3681300.0
2002-09-30;14.4;14.57;14.14;14.5;4244600.0
2002-10-01;14.59;14.6;14.0;14.51;6114700.0
2002-10-02;14.33;14.63;14.1;14.17;4095500.0
2002-10-03;14.18;14.6;14.06;14.3;3891000.0
2002-10-04;14.36;14.4;14.0;14.03;3407600.0
2002-10-07;13.97;14.21;13.76;13.77;4369600.0
2002-10-08;13.9;13.96;13.36;13.69;8100800.0
2002-10-09;13.54;13.85;13.41;13.6;6369400.0
2002-10-10;13.63;14.22;13.58;14.12;5742400.0
2002-10-11;14.25;14.78;14.1;14.51;5262100.0
2002-10-14;14.55;14.98;14.44;14.77;3471500.0
2002-10-15;15.22;15.25;14.78;15.16;7241400.0
2002-10-16;14.86;15.13;14.46;14.56;5493300.0
2002-10-17;14.21;14.39;13.98;14.11;8380300.0
2002-10-18;14.0;14.35;13.93;14.34;5148200.0
2002-10-21;14.26;14.63;14.0;14.56;4259300.0
2002-10-22;14.47;14.88;14.26;14.7;3895500.0
2002-10-23;14.63;14.98;14.5;14.88;3732800.0
2002-10-24;15.02;15.21;14.55;14.69;3120500.0
2002-10-25;14.69;15.45;14.59;15.42;4983400.0
2002-10-28;15.55;15.95;15.25;15.61;6237500.0
2002-10-29;15.57;15.88;14.96;15.44;4628200.0
2002-10-30;15.55;16.37;15.48;15.98;4833500.0
2002-10-31;15.99;16.44;15.92;16.07;5282800.0
2002-11-01;15.94;16.5;15.89;16.36;3389800.0
2002-11-04;16.5;17.38;16.35;16.89;6728900.0
2002-11-05;16.75;16.97;16.35;16.9;3762400.0
2002-11-06;17.08;17.32;16.7;17.22;3864100.0
2002-11-07;16.94;17.1;15.81;16.0;6003200.0
2002-11-08;16.01;16.2;15.52;15.84;3394000.0
2002-11-11;15.75;15.89;15.12;15.16;2731700.0
2002-11-12;15.32;16.04;15.28;15.64;3996300.0
2002-11-13;15.5;16.07;15.28;15.59;4138200.0
2002-11-14;15.9;16.41;15.78;16.3;2530600.0
2002-11-15;16.23;16.24;15.76;15.95;2874900.0
2002-11-18;16.19;16.2;15.52;15.65;2938900.0
2002-11-19;15.55;15.75;15.01;15.27;3767000.0
2002-11-20;15.3;15.7;15.25;15.53;3727500.0
2002-11-21;15.9;16.44;15.75;16.35;7472900.0
2002-11-22;16.09;16.31;15.9;16.01;4068900.0
2002-11-25;16.03;16.14;15.71;15.97;3561200.0
2002-11-26;15.85;15.9;15.27;15.41;4290400.0
2002-11-27;15.6;15.86;15.45;15.72;5121400.0
2002-11-29;15.79;15.88;15.42;15.5;2561300.0
2002-12-02;15.9;16.1;15.01;15.18;7120400.0
2002-12-03;15.2;15.34;15.1;15.16;4069100.0
2002-12-04;15.18;15.19;14.5;14.97;5817100.0
2002-12-05;15.03;15.08;14.53;14.63;4346400.0
2002-12-06;14.65;15.19;14.52;14.95;4381400.0
2002-12-09;14.94;14.95;14.67;14.75;4215800.0
2002-12-10;14.75;15.45;14.73;15.28;5510900.0
2002-12-11;15.3;15.49;15.08;15.49;4526800.0
2002-12-12;15.51;15.55;15.01;15.19;2666800.0
2002-12-13;15.14;15.15;14.65;14.79;2942500.0
2002-12-16;14.81;15.1;14.61;14.85;4493300.0
2002-12-17;14.85;15.19;14.66;15.08;3976100.0
2002-12-18;14.8;14.86;14.5;14.57;2691100.0
2002-12-19;14.53;14.92;14.1;14.2;6205700.0
2002-12-20;14.29;14.56;13.78;14.14;5680300.0
2002-12-23;14.16;14.55;14.12;14.49;2246900.0
2002-12-24;14.44;14.47;14.3;14.36;702500.0
2002-12-26;14.42;14.81;14.28;14.4;1525400.0
2002-12-27;14.31;14.38;14.01;14.06;1429200.0
2002-12-30;14.08;14.15;13.84;14.07;2768600.0
2002-12-31;14.0;14.36;13.95;14.33;3584400.0
2003-01-02;14.36;14.92;14.35;14.8;3239800.0
2003-01-03;14.8;14.93;14.59;14.9;2633100.0
2003-01-06;15.03;15.38;14.88;14.9;6973800.0
2003-01-07;14.79;15.0;14.47;14.85;6113300.0
2003-01-08;14.58;14.71;14.44;14.55;4100800.0
2003-01-09;14.62;14.92;14.5;14.68;3843800.0
2003-01-10;14.58;14.82;14.49;14.72;3126800.0
2003-01-13;14.9;14.9;14.36;14.63;3195400.0
2003-01-14;14.69;14.82;14.49;14.61;3336800.0
2003-01-15;14.59;14.7;14.26;14.43;6627300.0
2003-01-16;14.21;14.76;14.21;14.62;9983400.0
2003-01-17;14.56;14.56;14.08;14.1;4763600.0
2003-01-21;14.21;14.41;14.0;14.02;4526000.0
2003-01-22;13.98;14.15;13.8;13.88;3841800.0
2003-01-23;14.05;14.36;13.95;14.17;4076000.0
2003-01-24;14.24;14.24;13.56;13.8;5454800.0
2003-01-27;13.68;14.5;13.65;14.13;6989400.0
2003-01-28;14.24;14.69;14.16;14.58;5111700.0
2003-01-29;14.24;14.69;14.16;14.58;6661500.0
2003-01-30;14.98;15.07;14.29;14.32;7268900.0
2003-01-31;14.19;14.55;14.05;14.36;6093300.0
2003-02-03;14.41;14.91;14.35;14.66;4728300.0
2003-02-04;14.45;14.65;14.31;14.6;5668100.0
2003-02-05;14.71;14.93;14.45;14.45;3957400.0
2003-02-06;14.36;14.59;14.22;14.43;3199100.0
2003-02-07;14.55;14.6;14.07;14.15;4816100.0
2003-02-10;14.26;14.57;14.06;14.35;2998000.0
2003-02-11;14.5;14.63;14.2;14.35;2942500.0
2003-02-12;14.27;14.6;14.27;14.39;4083700.0
2003-02-13;14.41;14.64;14.24;14.54;3723100.0
2003-02-14;14.61;14.72;14.35;14.67;4344600.0
2003-02-18;14.75;15.3;14.72;15.27;5194600.0
2003-02-19;15.07;15.15;14.68;14.85;4292300.0
2003-02-20;14.85;14.96;14.71;14.77;4006300.0
2003-02-21;14.82;15.06;14.65;15.0;2811500.0
2003-02-24;14.86;15.03;13.8;14.74;3218800.0
2003-02-25;14.68;15.08;14.59;15.02;3368600.0
2003-02-26;14.99;15.02;14.48;14.5;3876700.0
2003-02-27;14.57;15.0;14.51;14.86;2756100.0
2003-02-28;14.86;15.09;14.77;15.01;3483900.0
2003-03-03;15.01;15.16;14.55;14.65;3638600.0
2003-03-04;14.74;14.81;14.44;14.56;2257400.0
2003-03-05;14.61;14.8;14.52;14.62;2262200.0
2003-03-06;14.58;14.6;14.4;14.56;1783200.0
2003-03-07;14.47;14.71;14.31;14.53;3589000.0
2003-03-10;14.51;14.67;14.3;14.37;2403100.0
2003-03-11;14.36;14.49;14.12;14.23;2878400.0
2003-03-12;14.17;14.39;14.06;14.22;3974300.0
2003-03-13;14.47;14.8;14.17;14.72;5990100.0
2003-03-14;14.68;15.01;14.64;14.78;2733900.0
2003-03-17;14.89;15.07;14.71;15.01;7141300.0
2003-03-18;15.0;15.09;14.82;15.0;4106800.0
2003-03-19;15.07;15.15;14.79;14.95;2523500.0
2003-03-20;14.93;14.99;14.6;14.91;2913900.0
2003-03-21;15.09;15.15;14.82;15.0;5320500.0
2003-03-24;14.67;14.8;14.35;14.37;2876800.0
2003-03-25;14.41;14.83;14.37;14.55;2994600.0
2003-03-26;14.55;14.56;14.3;14.41;3184700.0
2003-03-27;14.32;14.7;14.32;14.49;2185600.0
2003-03-28;14.4;14.62;14.37;14.57;2594700.0
2003-03-31;14.34;14.53;14.04;14.14;4583200.0
2003-04-01;14.2;14.31;14.07;14.16;2756100.0
2003-04-02;14.36;14.69;14.2675;14.6;3060200.0
2003-04-03;14.55;14.7;14.35;14.46;2602000.0
2003-04-04;14.52;14.67;14.39;14.41;2607500.0
2003-04-07;14.85;14.95;14.41;14.49;3515400.0
2003-04-08;14.51;14.65;14.3642;14.45;2302400.0
2003-04-09;14.52;14.62;14.14;14.19;2620100.0
2003-04-10;14.2;14.39;14.2;14.37;1912500.0
2003-04-11;14.05;14.44;12.93;13.2;2.48698E7
2003-04-14;13.71;13.75;13.5;13.58;8981400.0
2003-04-15;13.59;13.6;13.3;13.39;5428000.0
2003-04-16;12.99;13.67;12.92;13.24;1.8146E7
2003-04-17;13.2;13.25;12.72;13.12;1.10046E7
2003-04-21;13.13;13.19;12.98;13.14;2720000.0
2003-04-22;13.18;13.62;13.09;13.51;5367300.0
2003-04-23;13.53;13.63;13.37;13.58;3744300.0
2003-04-24;13.52;13.61;13.0;13.44;5805500.0
2003-04-25;13.46;13.58;13.23;13.35;3666400.0
2003-04-28;13.48;13.96;13.43;13.86;1.13714E7
2003-04-29;13.98;14.16;13.58;14.06;8182800.0
2003-04-30;13.93;14.35;13.85;14.22;8181700.0
2003-05-01;14.25;14.39;14.0;14.36;6120700.0
2003-05-02;14.46;14.59;14.34;14.45;5735400.0
2003-05-05;14.77;16.88;14.75;16.09;2.77805E7
2003-05-06;16.12;17.9;16.108;17.5;2.70445E7
2003-05-07;17.33;18.24;17.11;17.65;1.88282E7
2003-05-08;17.7;18.07;17.299;18.0;1.2281E7
2003-05-09;18.33;18.4;17.88;18.3;1.05069E7
2003-05-12;18.15;18.74;18.13;18.56;7488800.0
2003-05-13;18.43;18.97;17.95;18.67;7978500.0
2003-05-14;18.83;18.84;18.43;18.55;6348000.0
2003-05-15;18.6;18.85;18.47;18.73;5089200.0
2003-05-16;18.59;19.0;18.28;18.8;6100500.0
2003-05-19;18.53;18.65;18.06;18.1;7962300.0
2003-05-20;18.1;18.16;17.6;17.79;7432500.0
2003-05-21;17.79;18.09;17.67;17.85;5446600.0
2003-05-22;17.89;18.4;17.74;18.24;3186800.0
2003-05-23;18.21;18.46;17.96;18.32;3691400.0
2003-05-27;17.96;18.9;17.91;18.88;5180900.0
2003-05-28;18.5;18.655;18.15;18.28;6065700.0
2003-05-29;18.29;18.5;17.9;18.1;5960100.0
2003-05-30;18.12;18.18;17.53;17.95;6834800.0
2003-06-02;18.1;18.29;17.27;17.45;7474800.0
2003-06-03;17.44;17.67;17.02;17.31;6443900.0
2003-06-04;17.3;17.79;17.14;17.6;4842900.0
2003-06-05;17.45;17.74;17.33;17.64;3669600.0
2003-06-06;17.74;18.04;17.14;17.15;4310500.0
2003-06-09;16.94;17.04;16.63;16.79;4642000.0
2003-06-10;16.89;17.29;16.75;17.18;3154400.0
2003-06-11;17.15;17.51;16.814;17.45;4019900.0
2003-06-12;17.55;17.88;17.45;17.77;4510500.0
2003-06-13;17.75;17.95;17.13;17.42;3415100.0
2003-06-16;17.6;18.27;17.45;18.27;4259400.0
2003-06-17;18.41;18.5;17.99;18.19;3169000.0
2003-06-18;18.45;19.48;18.309;19.12;8124700.0
2003-06-19;19.35;19.61;18.77;19.14;6813000.0
2003-06-20;19.35;19.58;18.9;19.2;6366900.0
2003-06-23;19.301;19.69;18.75;19.06;5488600.0
2003-06-24;19.47;19.67;18.72;18.78;9185400.0
2003-06-25;18.86;19.4;18.71;19.09;5889500.0
2003-06-26;18.7;19.32;18.7;19.29;2887600.0
2003-06-27;19.3;19.31;18.48;18.73;6532000.0
2003-06-30;18.68;19.21;18.59;19.06;3967000.0
2003-07-01;18.87;19.18;18.51;19.09;3232000.0
2003-07-02;19.03;19.4;19.02;19.27;5808900.0
2003-07-03;19.0;19.55;18.98;19.13;2460200.0
2003-07-07;19.27;20.18;19.13;19.87;5112000.0
2003-07-08;19.52;20.5;19.49;20.4;4584600.0
2003-07-09;20.21;20.45;19.885;19.89;3815100.0
2003-07-10;19.91;19.94;19.37;19.58;3052400.0
2003-07-11;19.66;20.0;19.531;19.85;2443900.0
2003-07-14;20.01;20.4;19.87;19.9;3364400.0
2003-07-15;20.02;20.24;19.43;19.61;3690100.0
2003-07-16;19.97;20.0;19.38;19.87;4480900.0
2003-07-17;20.19;20.95;20.13;20.9;1.34145E7
2003-07-18;20.9;21.18;20.4;20.859;5336400.0
2003-07-21;20.69;20.8;20.2999;20.61;3282300.0
2003-07-22;20.87;20.96;20.5;20.8;3543300.0
2003-07-23;20.95;20.96;20.46;20.79;2554200.0
2003-07-24;21.04;21.5;20.38;20.51;4093500.0
2003-07-25;20.41;21.57;20.4;21.54;3869400.0
2003-07-28;21.5;21.505;20.86;20.99;3042100.0
2003-07-29;20.99;21.08;20.52;20.72;3520000.0
2003-07-30;20.77;20.9;20.17;20.28;3099900.0
2003-07-31;20.74;21.35;20.57;21.08;5383300.0
2003-08-01;21.0;21.27;20.64;20.73;2671500.0
2003-08-04;20.53;21.5;20.28;21.21;4109200.0
2003-08-05;21.35;21.4;20.1;20.38;4454300.0
2003-08-06;20.06;20.17;19.5;19.63;4383300.0
2003-08-07;19.73;20.09;19.42;19.93;3113900.0
2003-08-08;20.11;20.13;19.6;19.64;2458200.0
2003-08-11;19.82;19.93;19.51;19.66;2450500.0
2003-08-12;19.76;19.8;19.46;19.7;2936400.0
2003-08-13;19.86;20.34;19.58;20.18;5073200.0
2003-08-14;20.21;20.33;19.94;19.97;3442500.0
2003-08-15;20.02;20.07;19.66;19.71;2247600.0
2003-08-18;19.86;20.41;19.72;20.34;3442400.0
2003-08-19;20.37;20.45;20.0;20.32;2387300.0
2003-08-20;20.18;21.27;20.14;21.01;4878800.0
2003-08-21;21.03;21.707;20.95;21.68;4559400.0
2003-08-22;21.81;22.0;20.636;20.88;4469000.0
2003-08-25;20.78;20.91;20.49;20.86;2460400.0
2003-08-26;20.75;21.07;20.35;21.05;2945700.0
2003-08-27;20.91;21.48;20.66;21.48;4030400.0
2003-08-28;21.33;22.22;21.33;22.19;5707600.0
2003-08-29;22.2;22.85;22.049;22.61;4699200.0
2003-09-02;22.66;22.9;22.4;22.85;4323800.0
2003-09-03;22.8;23.32;22.76;22.95;4800500.0
2003-09-04;23.16;23.25;22.77;22.83;3567500.0
2003-09-05;22.73;23.15;22.41;22.5;4288100.0
2003-09-08;22.48;22.79;22.47;22.74;2986500.0
2003-09-09;22.53;22.67;22.12;22.37;3220900.0
2003-09-10;22.25;22.61;22.11;22.18;4015900.0
2003-09-11;22.25;22.79;22.1;22.56;3815800.0
2003-09-12;22.47;23.14;22.31;23.1;3214100.0
2003-09-15;22.81;22.9;22.12;22.21;4050800.0
2003-09-16;22.21;22.695;22.2;22.36;4803700.0
2003-09-17;22.37;22.38;21.855;22.12;5167800.0
2003-09-18;22.1;22.99;21.95;22.88;4516200.0
2003-09-19;22.88;23.05;22.43;22.58;3677800.0
2003-09-22;22.18;22.5;21.92;22.08;3211100.0
2003-09-23;22.02;22.46;21.88;22.43;2365200.0
2003-09-24;22.21;22.31;21.0824;21.32;5380100.0
2003-09-25;21.34;21.37;20.25;20.43;1.02568E7
2003-09-26;20.3;21.42;20.149;20.69;6200900.0
2003-09-29;21.49;21.67;20.65;21.3;6530400.0
2003-09-30;21.09;21.22;20.44;20.72;5096900.0
2003-10-01;20.75;21.1;20.19;20.79;4216300.0
2003-10-02;20.8;20.8;20.28;20.57;3643900.0
2003-10-03;20.99;21.86;20.88;21.69;5350000.0
2003-10-06;21.67;22.33;21.58;22.29;4791600.0
2003-10-07;22.05;23.41;21.91;23.22;7467400.0
2003-10-08;23.25;23.54;22.73;23.06;7654800.0
2003-10-09;23.3;23.67;22.79;23.45;6209800.0
2003-10-10;23.5;23.81;23.37;23.68;3122100.0
2003-10-13;23.73;24.41;23.72;24.35;4997600.0
2003-10-14;24.32;24.74;24.188;24.55;4918200.0
2003-10-15;24.85;25.011;24.581;24.82;1.08947E7
2003-10-16;23.8;23.84;22.41;23.25;1.74229E7
2003-10-17;23.38;23.49;22.43;22.75;6425200.0
2003-10-20;22.6;23.34;22.38;23.22;4984500.0
2003-10-21;23.31;23.4;22.75;23.18;3151100.0
2003-10-22;22.94;23.2;22.68;22.76;2885700.0
2003-10-23;22.73;23.15;22.59;22.99;2950200.0
2003-10-24;22.56;22.85;22.23;22.6;3926000.0
2003-10-27;22.75;22.89;22.49;22.6;2893100.0
2003-10-28;22.56;23.77;22.4;23.72;4494900.0
2003-10-29;23.51;23.9;23.34;23.69;4769300.0
2003-10-30;23.99;24.0;22.87;23.09;4652800.0
2003-10-31;23.3;23.35;22.78;22.89;3895600.0
2003-11-03;22.83;23.3;22.78;23.15;5407900.0
2003-11-04;23.07;23.1;22.59;22.91;4450600.0
2003-11-05;22.82;23.13;22.47;23.03;5758400.0
2003-11-06;22.91;23.15;22.65;23.12;7090600.0
2003-11-07;23.19;23.24;22.45;22.5;3752600.0
2003-11-10;22.45;22.65;21.84;21.9;4183500.0
2003-11-11;21.9;22.02;21.48;21.54;3840600.0
2003-11-12;21.48;22.72;21.48;22.33;5357200.0
2003-11-13;22.07;22.56;21.92;22.42;3799500.0
2003-11-14;22.48;22.61;21.28;21.46;4233000.0
2003-11-17;21.35;21.37;20.95;21.13;4076000.0
2003-11-18;21.21;21.34;20.35;20.41;4771300.0
2003-11-19;20.56;20.65;20.26;20.4199;6153300.0
2003-11-20;20.1;21.08;20.1;20.375;4278400.0
2003-11-21;20.34;20.58;19.85;20.28;4318500.0
2003-11-24;20.5;21.27;20.45;21.15;6818300.0
2003-11-25;21.23;21.25;20.614;20.68;4797400.0
2003-11-26;20.89;21.15;20.249;20.72;4377300.0
2003-11-28;20.78;21.07;20.52;20.91;1358900.0
2003-12-01;21.04;21.85;21.0;21.71;6456000.0
2003-12-02;21.6;21.9;21.41;21.54;3666000.0
2003-12-03;21.54;21.84;20.96;21.03;3416000.0
2003-12-04;20.94;21.17;20.77;21.15;3177500.0
2003-12-05;20.9;21.15;20.73;20.85;3324600.0
2003-12-08;20.78;21.08;20.41;21.05;2647100.0
2003-12-09;21.17;21.25;20.4;20.45;2413300.0
2003-12-10;20.45;20.61;19.96;20.38;4845300.0
2003-12-11;20.25;21.34;20.21;21.21;3270300.0
2003-12-12;21.32;21.32;20.7;20.89;3440600.0
2003-12-15;21.49;21.49;20.07;20.17;6944800.0
2003-12-16;20.19;20.49;20.01;20.12;6677800.0
2003-12-17;20.08;20.13;19.79;19.88;4897500.0
2003-12-18;19.9;20.18;19.9;20.04;5909200.0
2003-12-19;20.19;20.42;19.62;19.7;8099300.0
2003-12-22;19.65;19.89;19.25;19.85;6733300.0
2003-12-23;19.94;19.95;19.6;19.81;5508900.0
2003-12-24;19.72;20.59;19.65;20.41;3169200.0
2003-12-26;20.35;20.91;20.34;20.78;1851700.0
2003-12-29;20.91;21.16;20.86;21.15;4168900.0
2003-12-30;21.18;21.5;21.15;21.28;3658100.0
2003-12-31;21.35;21.53;21.18;21.37;3115200.0
2004-01-02;21.55;21.75;21.18;21.28;2582900.0
2004-01-05;21.42;22.39;21.42;22.17;7053900.0
2004-01-06;22.25;22.42;21.71;22.09;9095500.0
2004-01-07;22.1;22.83;21.93;22.59;1.04799E7
2004-01-08;22.84;23.73;22.65;23.36;8219700.0
2004-01-09;23.23;24.13;22.79;23.0;7633200.0
2004-01-12;23.16;24.0;23.1;23.73;8706200.0
2004-01-13;24.7;24.84;23.86;24.12;1.21253E7
2004-01-14;24.4;24.54;23.777;24.2;1.10722E7
2004-01-15;22.94;23.4;22.5;22.85;1.81823E7
2004-01-16;22.996;23.04;22.61;22.72;6657500.0
2004-01-20;22.67;22.8;22.25;22.73;5641900.0
2004-01-21;22.7;22.97;22.43;22.61;4047500.0
2004-01-22;22.56;22.833;22.18;22.18;3660800.0
2004-01-23;22.25;22.7398;22.25;22.56;4056600.0
2004-01-26;22.46;23.06;22.43;23.01;4844100.0
2004-01-27;23.03;23.25;22.798;23.07;5483400.0
2004-01-28;22.84;23.38;22.41;22.52;4917900.0
2004-01-29;22.63;22.8;22.19;22.68;3798200.0
2004-01-30;22.74;22.87;22.42;22.56;3308900.0
2004-02-02;22.46;22.81;22.08;22.32;5132700.0
2004-02-03;22.3;22.4;22.0;22.26;3228800.0
2004-02-04;22.0;22.09;21.7;21.79;5456300.0
2004-02-05;21.82;22.91;21.81;22.42;6300800.0
2004-02-06;22.45;22.89;22.4;22.71;3452500.0
2004-02-09;22.62;22.86;22.5;22.667;3361800.0
2004-02-10;22.62;23.12;22.44;22.98;4559700.0
2004-02-11;23.09;23.87;23.05;23.8;6224000.0
2004-02-12;23.67;23.99;23.6;23.73;3285500.0
2004-02-13;23.85;24.1;22.83;23.0;5642500.0
2004-02-17;23.1;23.49;23.1;23.16;3052800.0
2004-02-18;23.18;23.44;23.05;23.26;2529200.0
2004-02-19;23.31;23.64;22.41;22.47;5769300.0
2004-02-20;22.5;22.51;22.21;22.4;4957200.0
2004-02-23;22.45;22.46;21.8899;22.19;3465700.0
2004-02-24;22.14;22.74;22.0;22.36;4626000.0
2004-02-25;22.22;22.9;22.21;22.81;4933500.0
2004-02-26;22.84;23.18;22.8;23.04;3543000.0
2004-02-27;22.96;24.02;22.95;23.92;8372100.0
2004-03-01;24.09;24.3;23.87;24.02;5744300.0
2004-03-02;24.0;24.1;23.77;23.81;4583700.0
2004-03-03;23.6;24.19;23.6;23.92;4020200.0
2004-03-04;23.96;25.22;23.91;25.16;1.17897E7
2004-03-05;24.95;27.49;24.9;26.74;2.75107E7
2004-03-08;26.79;26.79;25.8;26.0;9337000.0
2004-03-09;25.9;27.23;25.75;27.1;1.10422E7
2004-03-10;26.99;28.14;26.94;27.68;1.79815E7
2004-03-11;27.26;28.04;27.09;27.15;1.06402E7
2004-03-12;27.32;27.78;27.17;27.56;5879000.0
2004-03-15;27.03;27.35;26.26;26.45;8602100.0
2004-03-16;26.55;26.61;25.39;25.82;1.08113E7
2004-03-17;25.96;26.38;25.78;26.19;7347000.0
2004-03-18;25.94;26.06;25.59;25.67;5733600.0
2004-03-19;25.7;26.94;25.54;25.86;7296000.0
2004-03-22;25.37;26.17;25.25;25.86;7482700.0
2004-03-23;25.92;26.0;25.22;25.29;6884200.0
2004-03-24;25.3;25.75;25.27;25.5;7646700.0
2004-03-25;26.1;26.91;25.89;26.87;1.01151E7
2004-03-26;26.91;27.36;26.91;27.04;7498100.0
2004-03-29;27.4;27.99;27.2;27.91;6263000.0
2004-03-30;27.86;27.95;27.34;27.92;6422800.0
2004-03-31;27.86;27.98;26.95;27.04;6978100.0
2004-04-01;26.9;27.27;26.62;27.11;5684500.0
2004-04-02;27.74;27.93;27.23;27.5;4901400.0
2004-04-05;27.48;28.37;27.44;28.32;6887000.0
2004-04-06;27.74;28.15;27.43;27.83;4607000.0
2004-04-07;27.62;27.7;26.92;27.31;4555700.0
2004-04-08;27.9;28.0;27.2;27.53;4302100.0
2004-04-12;27.5;28.1;27.49;28.04;4116800.0
2004-04-13;28.0;28.03;26.84;26.93;7792800.0
2004-04-14;26.74;27.07;26.31;26.64;1.14238E7
2004-04-15;29.0;29.58;28.16;29.3;3.14544E7
2004-04-16;29.07;29.31;28.5;29.18;7195200.0
2004-04-19;28.12;28.75;27.83;28.35;1.27206E7
2004-04-20;28.21;28.41;27.56;27.73;6330700.0
2004-04-21;27.6;28.12;27.37;27.73;5819200.0
2004-04-22;27.56;28.18;27.11;27.78;6153300.0
2004-04-23;27.7;28.0;27.05;27.7;5639800.0
2004-04-26;27.58;27.635;27.0;27.13;4127300.0
2004-04-27;27.24;27.44;26.69;26.94;5069000.0
2004-04-28;26.82;27.01;26.34;26.45;4128000.0
2004-04-29;26.45;27.0;25.98;26.77;8228400.0
2004-04-30;26.71;26.96;25.49;25.78;8330400.0
2004-05-03;26.0;26.33;25.74;26.07;5314900.0
2004-05-04;25.97;26.55;25.5;26.14;4999700.0
2004-05-05;26.2;26.75;25.96;26.65;4251900.0
2004-05-06;26.41;26.75;25.9;26.58;4706400.0
2004-05-07;26.57;27.57;26.55;26.67;7482800.0
2004-05-10;26.27;26.6;25.94;26.28;4463900.0
2004-05-11;26.4;27.19;26.4;27.14;5449500.0
2004-05-12;26.79;27.34;26.24;27.3;4382500.0
2004-05-13;27.1273;27.72;26.9;27.19;4104500.0
2004-05-14;27.25;27.32;26.45;27.06;4603600.0
2004-05-17;26.7;27.06;26.36;26.64;5365100.0
2004-05-18;26.97;27.29;26.8;27.06;3679700.0
2004-05-19;27.4;27.5;26.42;26.47;6707000.0
2004-05-20;26.63;27.0;26.47;26.71;3505300.0
2004-05-21;26.9;27.2;26.73;27.11;3212400.0
2004-05-24;27.25;27.9;27.11;27.34;4207200.0
2004-05-25;27.5;28.51;27.29;28.41;5713900.0
2004-05-26;28.31;28.78;28.0;28.51;5753000.0
2004-05-27;28.48;28.6;27.82;28.17;4213800.0
2004-05-28;28.08;28.27;27.8;28.06;2602100.0
2004-06-01;27.79;28.2;27.61;28.06;3252400.0
2004-06-02;28.03;29.17;27.8;28.92;5691300.0
2004-06-03;28.72;28.99;28.29;28.4;4480900.0
2004-06-04;28.56;29.25;28.51;28.78;7127000.0
2004-06-07;29.04;29.98;28.81;29.81;5283500.0
2004-06-08;29.99;30.44;29.83;30.35;7421800.0
2004-06-09;30.09;30.71;30.0;30.2;6235800.0
2004-06-10;30.32;30.97;30.2;30.74;4599600.0
2004-06-14;30.65;30.68;29.5;30.12;4356900.0
2004-06-15;30.5;31.14;30.26;30.69;7939900.0
2004-06-16;30.62;33.32;30.53;32.74;1.62436E7
2004-06-17;32.55;33.13;32.21;32.81;9845000.0
2004-06-18;32.58;33.409;32.43;32.91;7254500.0
2004-06-21;33.1;33.5;32.12;32.33;6968100.0
2004-06-22;32.32;33.09;32.29;33.0;6437700.0
2004-06-23;33.0;33.83;32.89;33.7;6979800.0
2004-06-24;33.52;33.7;32.98;33.18;4509200.0
2004-06-25;33.07;33.7;33.0;33.7;5775500.0
2004-06-28;33.9;34.19;32.21;32.49;9305300.0
2004-06-29;32.1;32.99;31.41;32.5;1.05456E7
2004-06-30;32.509;32.97;31.89;32.54;6661500.0
2004-07-01;32.08;32.48;31.9;32.3;6106100.0
2004-07-02;30.45;31.18;29.73;31.08;1.62622E7
2004-07-06;31.27;31.42;30.8;30.95;6231800.0
2004-07-07;30.81;31.36;30.13;30.39;7107000.0
2004-07-08;30.13;30.68;29.95;30.14;4167500.0
2004-07-09;30.27;30.5;30.03;30.03;3729700.0
2004-07-12;30.01;30.04;28.93;29.14;9136100.0
2004-07-13;29.25;29.6;29.02;29.22;5646000.0
2004-07-14;28.86;29.97;28.74;29.58;1.4925E7
2004-07-15;32.65;33.63;32.11;32.93;3.15665E7
2004-07-16;32.85;32.92;32.12;32.2;8721100.0
2004-07-19;32.05;32.22;31.66;31.97;9520900.0
2004-07-20;31.93;32.2;31.55;32.2;5781200.0
2004-07-21;32.301;32.71;31.34;31.62;5379600.0
2004-07-22;31.34;31.73;31.06;31.68;5966400.0
2004-07-23;31.7;31.75;30.48;30.7;4885200.0
2004-07-26;30.85;31.45;30.78;31.26;7034500.0
2004-07-27;31.75;32.75;31.57;32.43;7589400.0
2004-07-28;32.31;32.41;31.16;32.27;5090200.0
2004-07-29;32.5;32.82;32.13;32.64;3967100.0
2004-07-30;32.69;33.0;32.0;32.34;4339700.0
2004-08-02;31.18;32.2;31.13;31.58;6519500.0
2004-08-03;31.5;31.72;31.15;31.29;3779100.0
2004-08-04;31.19;32.12;31.17;31.79;4937300.0
2004-08-05;31.75;32.3;31.25;31.39;4366100.0
2004-08-06;30.9;31.1;29.7;29.78;8790900.0
2004-08-09;29.85;30.45;29.81;30.3;5193700.0
2004-08-10;30.39;31.54;30.35;31.52;6268500.0
2004-08-11;31.1;31.13;30.26;31.01;5757000.0
2004-08-12;30.46;30.85;30.28;30.37;4039300.0
2004-08-13;30.66;31.28;30.4;30.84;5858000.0
2004-08-16;30.88;31.72;30.64;30.78;7779900.0
2004-08-17;30.6;31.13;30.35;30.87;5768200.0
2004-08-18;30.51;31.85;30.49;31.74;6511700.0
2004-08-19;31.51;31.86;30.36;30.71;6945000.0
2004-08-20;30.71;30.99;30.49;30.8;5656800.0
2004-08-23;30.86;31.27;30.6;31.08;4547500.0
2004-08-24;31.26;31.95;31.19;31.95;6681000.0
2004-08-25;31.91;33.15;31.73;33.05;9028900.0
2004-08-26;33.09;35.18;32.74;34.66;1.70689E7
2004-08-27;34.61;34.76;34.0;34.35;6943100.0
2004-08-30;34.02;34.72;33.96;34.12;3895400.0
2004-08-31;34.07;34.95;34.0;34.49;6724300.0
2004-09-01;34.3;35.99;34.19;35.86;9209400.0
2004-09-02;35.5;35.81;34.83;35.66;7255800.0
2004-09-03;35.03;35.92;35.01;35.23;5240500.0
2004-09-07;35.4;36.19;35.23;35.76;5392100.0
2004-09-08;35.7;36.57;35.68;36.35;6134400.0
2004-09-09;36.1;36.3;35.28;35.7;8238200.0
2004-09-10;35.66;36.23;35.46;35.87;5857400.0
2004-09-13;35.86;36.07;35.32;35.59;5035300.0
2004-09-14;35.3;35.55;34.78;35.49;4550400.0
2004-09-15;35.2;35.477;34.8;35.2;4154800.0
2004-09-16;35.2;36.76;35.08;36.35;8962800.0
2004-09-17;36.55;37.38;36.4;37.14;8969800.0
2004-09-20;36.9;37.98;36.87;37.71;4375000.0
2004-09-21;37.73;38.87;37.46;38.01;6904500.0
